2026-10-08T06:35:32.4328608Z Current runner version: '2.337.0'
2026-10-08T06:35:32.4366167Z ##[group]Runner Image Provisioner
2026-10-08T06:35:32.4367441Z Hosted Compute Agent
2026-10-08T06:35:32.4368567Z Version: 20261002.596
2026-10-08T06:35:32.4369937Z Commit: c3d12f3313a95f25162a1503be624f3b0617f8c0
2026-10-08T06:35:32.4371139Z Build Date: 2026-10-02T22:28:27Z
2026-10-08T06:35:32.4372451Z Worker ID: {97aa44b0-62c8-4497-b4f9-f774afaa0d0c}
2026-10-08T06:35:32.4373627Z Region: eastus
2026-10-08T06:35:32.4374655Z Cloud: Azure
2026-10-08T06:35:32.4375609Z ##[endgroup]
2026-10-08T06:35:32.4377864Z ##[group]Operating System
2026-10-08T06:35:32.4379303Z Ubuntu
2026-10-08T06:35:32.4380209Z 24.04.5
2026-10-08T06:35:32.4381190Z LTS
2026-10-08T06:35:32.4382089Z ##[endgroup]
2026-10-08T06:35:32.4382985Z ##[group]Runner Image
2026-10-08T06:35:32.4384063Z Image: ubuntu-24.04
2026-10-08T06:35:32.4385050Z Version: 20261004.327.1
2026-10-08T06:35:32.4387258Z Included Software: https://github.com/actions/runner-images/blob/ubuntu24/20261004.327/images/ubuntu/Ubuntu2404-Readme.md
2026-10-08T06:35:32.4390292Z Image Release: https://github.com/actions/runner-images/releases/tag/ubuntu24%2F20261004.327
2026-10-08T06:35:32.4392075Z ##[endgroup]
2026-10-08T06:35:32.4394221Z ##[group]GITHUB_TOKEN Permissions
2026-10-08T06:35:32.4397031Z Actions: read
2026-10-08T06:35:32.4398081Z Contents: read
2026-10-08T06:35:32.4399418Z Metadata: read
2026-10-08T06:35:32.4400346Z ##[endgroup]
2026-10-08T06:35:32.4403486Z Secret source: Actions
2026-10-08T06:35:32.4404984Z Cache mode: write
2026-10-08T06:35:32.4406258Z Prepare workflow directory
2026-10-08T06:35:32.5196696Z Prepare all required actions
2026-10-08T06:35:32.5271180Z Getting action download info
2026-10-08T06:35:32.7177043Z Download action repository 'actions/checkout@v4' (SHA:11d5960a326750d5838078e36cf38b85af677262)
2026-10-08T06:35:32.8186962Z Download action repository 'actions/setup-python@v5' (SHA:a26af69be951a213d495a4c3e4e4022e16d87065)
2026-10-08T06:35:32.9090660Z Download action repository 'actions/download-artifact@v4' (SHA:d3f86a106a0bac45b974a628896c90dbdf5c8093)
2026-10-08T06:35:33.0921693Z Download action repository 'actions/upload-artifact@v4' (SHA:ea165f8d65b6e75b540449e92b4886f43607fa02)
2026-10-08T06:35:33.2905309Z Complete job name: Approved UI to perpetual-use CPU models
2026-10-08T06:35:33.3657805Z ##[group]Run actions/checkout@v4
2026-10-08T06:35:33.3658954Z with:
2026-10-08T06:35:33.3659471Z   ref: 1998e9525b68bbe8460e9387e555f831f6d70bef
2026-10-08T06:35:33.3660117Z   repository: ADAMBUILD-ai/mindle-media-ai
2026-10-08T06:35:33.3664073Z   token: ***
2026-10-08T06:35:33.3664531Z   ssh-strict: true
2026-10-08T06:35:33.3664993Z   ssh-user: git
2026-10-08T06:35:33.3665462Z   persist-credentials: true
2026-10-08T06:35:33.3665967Z   clean: true
2026-10-08T06:35:33.3666446Z   sparse-checkout-cone-mode: true
2026-10-08T06:35:33.3666988Z   fetch-depth: 1
2026-10-08T06:35:33.3667437Z   fetch-tags: false
2026-10-08T06:35:33.3667896Z   show-progress: true
2026-10-08T06:35:33.3668378Z   lfs: false
2026-10-08T06:35:33.3668994Z   submodules: false
2026-10-08T06:35:33.3669465Z   set-safe-directory: true
2026-10-08T06:35:33.3670003Z   allow-unsafe-pr-checkout: false
2026-10-08T06:35:33.3670812Z env:
2026-10-08T06:35:33.3671369Z   HF_TOKEN: ***
2026-10-08T06:35:33.3671953Z   MARKETING_SHORTFORM_BASE_URL: http://127.0.0.1:4318
2026-10-08T06:35:33.3672619Z   MARKETING_SHORTFORM_BRIDGE_TOKEN: 
2026-10-08T06:35:33.3673182Z   HF_HUB_DISABLE_TELEMETRY: 1
2026-10-08T06:35:33.3673697Z   HF_HUB_DISABLE_XET: 1
2026-10-08T06:35:33.3674177Z   CUDA_VISIBLE_DEVICES: 
2026-10-08T06:35:33.3674668Z   PYTHONPATH: src
2026-10-08T06:35:33.3675141Z   TOKENIZERS_PARALLELISM: false
2026-10-08T06:35:33.3675660Z   OMP_NUM_THREADS: 2
2026-10-08T06:35:33.3676114Z   MKL_NUM_THREADS: 2
2026-10-08T06:35:33.3676569Z ##[endgroup]
2026-10-08T06:35:33.4989213Z Syncing repository: ADAMBUILD-ai/mindle-media-ai
2026-10-08T06:35:33.4991849Z ##[group]Getting Git version info
2026-10-08T06:35:33.4993100Z Working directory is '/home/runner/work/mindle-media-ai/mindle-media-ai'
2026-10-08T06:35:33.4995335Z [command]/usr/bin/git version
2026-10-08T06:35:33.5012466Z git version 2.55.0
2026-10-08T06:35:33.5040667Z ##[endgroup]
2026-10-08T06:35:33.5065328Z Temporarily overriding HOME='/home/runner/work/_temp/7be2fd59-fa13-458f-bbcc-4ed3fef3877a' before making global git config changes
2026-10-08T06:35:33.5068258Z Adding repository directory to the temporary git global config as a safe directory
2026-10-08T06:35:33.5074392Z [command]/usr/bin/git config --global --add safe.directory /home/runner/work/mindle-media-ai/mindle-media-ai
2026-10-08T06:35:33.5153599Z Deleting the contents of '/home/runner/work/mindle-media-ai/mindle-media-ai'
2026-10-08T06:35:33.5160321Z ##[group]Initializing the repository
2026-10-08T06:35:33.5166186Z [command]/usr/bin/git init /home/runner/work/mindle-media-ai/mindle-media-ai
2026-10-08T06:35:33.5328609Z hint: Using 'master' as the name for the initial branch. This default branch name
2026-10-08T06:35:33.5330987Z hint: will change to "main" in Git 3.0. To configure the initial branch name
2026-10-08T06:35:33.5337606Z hint: to use in all of your new repositories, which will suppress this warning,
2026-10-08T06:35:33.5339498Z hint: call:
2026-10-08T06:35:33.5340344Z hint:
2026-10-08T06:35:33.5341344Z hint: 	git config --global init.defaultBranch <name>
2026-10-08T06:35:33.5342510Z hint:
2026-10-08T06:35:33.5343754Z hint: Names commonly chosen instead of 'master' are 'main', 'trunk' and
2026-10-08T06:35:33.5346011Z hint: 'development'. The just-created branch can be renamed via this command:
2026-10-08T06:35:33.5347479Z hint:
2026-10-08T06:35:33.5348314Z hint: 	git branch -m <name>
2026-10-08T06:35:33.5349616Z hint:
2026-10-08T06:35:33.5350940Z hint: Disable this message with "git config set advice.defaultBranchName false"
2026-10-08T06:35:33.5353075Z Initialized empty Git repository in /home/runner/work/mindle-media-ai/mindle-media-ai/.git/
2026-10-08T06:35:33.5356770Z [command]/usr/bin/git remote add origin https://github.com/ADAMBUILD-ai/mindle-media-ai
2026-10-08T06:35:33.5458415Z ##[endgroup]
2026-10-08T06:35:33.5460084Z ##[group]Disabling automatic garbage collection
2026-10-08T06:35:33.5461228Z [command]/usr/bin/git config --local gc.auto 0
2026-10-08T06:35:33.5518317Z ##[endgroup]
2026-10-08T06:35:33.5520360Z ##[group]Setting up auth
2026-10-08T06:35:33.5521350Z [command]/usr/bin/git config --local --name-only --get-regexp core\.sshCommand
2026-10-08T06:35:33.5565337Z [command]/usr/bin/git submodule foreach --recursive sh -c "git config --local --name-only --get-regexp 'core\.sshCommand' && git config --local --unset-all 'core.sshCommand' || :"
2026-10-08T06:35:33.5975463Z [command]/usr/bin/git config --local --name-only --get-regexp http\.https\:\/\/github\.com\/\.extraheader
2026-10-08T06:35:33.6012439Z [command]/usr/bin/git submodule foreach --recursive sh -c "git config --local --name-only --get-regexp 'http\.https\:\/\/github\.com\/\.extraheader' && git config --local --unset-all 'http.https://github.com/.extraheader' || :"
2026-10-08T06:35:33.6239223Z [command]/usr/bin/git config --local --name-only --get-regexp ^includeIf\.gitdir:
2026-10-08T06:35:33.6275756Z [command]/usr/bin/git submodule foreach --recursive git config --local --show-origin --name-only --get-regexp remote.origin.url
2026-10-08T06:35:33.6505417Z [command]/usr/bin/git config --local http.https://github.com/.extraheader AUTHORIZATION: basic ***
2026-10-08T06:35:33.6552283Z ##[endgroup]
2026-10-08T06:35:33.6553233Z ##[group]Fetching the repository
2026-10-08T06:35:33.6562113Z [command]/usr/bin/git -c protocol.version=2 fetch --no-tags --prune --no-recurse-submodules --depth=1 origin 1998e9525b68bbe8460e9387e555f831f6d70bef
2026-10-08T06:35:36.4063577Z From https://github.com/ADAMBUILD-ai/mindle-media-ai
2026-10-08T06:35:36.4066535Z  * branch            1998e9525b68bbe8460e9387e555f831f6d70bef -> FETCH_HEAD
2026-10-08T06:35:36.4073051Z ##[endgroup]
2026-10-08T06:35:36.4075337Z ##[group]Determining the checkout info
2026-10-08T06:35:36.4077786Z ##[endgroup]
2026-10-08T06:35:36.4087838Z [command]/usr/bin/git sparse-checkout disable
2026-10-08T06:35:36.4145649Z [command]/usr/bin/git config --local --unset-all extensions.worktreeConfig
2026-10-08T06:35:36.4179866Z ##[group]Checking out the ref
2026-10-08T06:35:36.4183956Z [command]/usr/bin/git checkout --progress --force 1998e9525b68bbe8460e9387e555f831f6d70bef
2026-10-08T06:35:37.1358403Z Note: switching to '1998e9525b68bbe8460e9387e555f831f6d70bef'.
2026-10-08T06:35:37.1359572Z 
2026-10-08T06:35:37.1360085Z You are in 'detached HEAD' state. You can look around, make experimental
2026-10-08T06:35:37.1361262Z changes and commit them, and you can discard any commits you make in this
2026-10-08T06:35:37.1362461Z state without impacting any branches by switching back to a branch.
2026-10-08T06:35:37.1363274Z 
2026-10-08T06:35:37.1363770Z If you want to create a new branch to retain commits you create, you may
2026-10-08T06:35:37.1364866Z do so (now or later) by using -c with the switch command. Example:
2026-10-08T06:35:37.1365580Z 
2026-10-08T06:35:37.1365912Z   git switch -c <new-branch-name>
2026-10-08T06:35:37.1366377Z 
2026-10-08T06:35:37.1366641Z Or undo this operation with:
2026-10-08T06:35:37.1367068Z 
2026-10-08T06:35:37.1367273Z   git switch -
2026-10-08T06:35:37.1367591Z 
2026-10-08T06:35:37.1368192Z Turn off this advice by setting config variable advice.detachedHead to false
2026-10-08T06:35:37.1369426Z 
2026-10-08T06:35:37.1370322Z HEAD is now at 1998e95 fix(ci): refresh current package metadata before continuation dependency check
2026-10-08T06:35:37.1415363Z ##[endgroup]
2026-10-08T06:35:37.1460786Z [command]/usr/bin/git log -1 --format=%H
2026-10-08T06:35:37.1489155Z 1998e9525b68bbe8460e9387e555f831f6d70bef
2026-10-08T06:35:37.1841168Z ##[group]Run actions/setup-python@v5
2026-10-08T06:35:37.1842032Z with:
2026-10-08T06:35:37.1842552Z   python-version: 3.11
2026-10-08T06:35:37.1843183Z   cache: pip
2026-10-08T06:35:37.1843732Z   check-latest: false
2026-10-08T06:35:37.1853755Z   token: ***
2026-10-08T06:35:37.1854341Z   update-environment: true
2026-10-08T06:35:37.1855133Z   allow-prereleases: false
2026-10-08T06:35:37.1855844Z   freethreaded: false
2026-10-08T06:35:37.1856448Z env:
2026-10-08T06:35:37.1857131Z   HF_TOKEN: ***
2026-10-08T06:35:37.1857891Z   MARKETING_SHORTFORM_BASE_URL: http://127.0.0.1:4318
2026-10-08T06:35:37.1859100Z   MARKETING_SHORTFORM_BRIDGE_TOKEN: 
2026-10-08T06:35:37.1859942Z   HF_HUB_DISABLE_TELEMETRY: 1
2026-10-08T06:35:37.1860663Z   HF_HUB_DISABLE_XET: 1
2026-10-08T06:35:37.1861297Z   CUDA_VISIBLE_DEVICES: 
2026-10-08T06:35:37.1861951Z   PYTHONPATH: src
2026-10-08T06:35:37.1862556Z   TOKENIZERS_PARALLELISM: false
2026-10-08T06:35:37.1863292Z   OMP_NUM_THREADS: 2
2026-10-08T06:35:37.1863919Z   MKL_NUM_THREADS: 2
2026-10-08T06:35:37.1864491Z ##[endgroup]
2026-10-08T06:35:37.3193986Z ##[group]Installed versions
2026-10-08T06:35:37.3294660Z (node:2284) [DEP0040] DeprecationWarning: The `punycode` module is deprecated. Please use a userland alternative instead.
2026-10-08T06:35:37.3297655Z (Use `node --trace-deprecation ...` to show where the warning was created)
2026-10-08T06:35:37.3299653Z Successfully set up CPython (3.11.17)
2026-10-08T06:35:37.3301136Z ##[endgroup]
2026-10-08T06:35:37.5826857Z [command]/opt/hostedtoolcache/Python/3.11.17/x64/bin/pip cache dir
2026-10-08T06:35:37.9134564Z /home/runner/.cache/pip
2026-10-08T06:35:38.0056722Z Cache hit for: setup-python-Linux-x64-24.04-Ubuntu-python-3.11.17-pip-269d68330a16e458f708a1a26a9b05252918b91edca0fa2f89350526bd965812
2026-10-08T06:35:38.0160132Z (node:2284) [DEP0169] DeprecationWarning: `url.parse()` behavior is not standardized and prone to errors that have security implications. Use the WHATWG URL API instead. CVEs are not issued for `url.parse()` vulnerabilities.
2026-10-08T06:35:39.0710636Z Received 218103808 of 450201278 (48.4%), 206.6 MBs/sec
2026-10-08T06:35:40.0580083Z Received 450201278 of 450201278 (100.0%), 215.6 MBs/sec
2026-10-08T06:35:40.0607312Z Cache Size: ~429 MB (450201278 B)
2026-10-08T06:35:40.0660864Z [command]/usr/bin/tar -xf /home/runner/work/_temp/2160f62e-660f-42c3-9544-1032e568d74e/cache.tzst -P -C /home/runner/work/mindle-media-ai/mindle-media-ai --use-compress-program unzstd
2026-10-08T06:35:40.8031442Z Cache restored successfully
2026-10-08T06:35:40.9057497Z Cache restored from key: setup-python-Linux-x64-24.04-Ubuntu-python-3.11.17-pip-cc0ee05af895cf1fa1d1b499f286a430ad6f73ecd0a214c754254f98ff1e18af
2026-10-08T06:35:40.9359159Z ##[group]Run if [ "false" != "false" ]; then
2026-10-08T06:35:40.9359614Z [36;1mif [ "false" != "false" ]; then[0m
2026-10-08T06:35:40.9360066Z [36;1m  echo "::error::Only a public repository free hosted runner is authorized"[0m
2026-10-08T06:35:40.9360490Z [36;1m  exit 1[0m
2026-10-08T06:35:40.9360716Z [36;1mfi[0m
2026-10-08T06:35:40.9360935Z [36;1mif [ -z "$HF_TOKEN" ]; then[0m
2026-10-08T06:35:40.9361299Z [36;1m  echo "::error::MINDLE_MEDIA_HF_WRITE_TOKEN is unavailable"[0m
2026-10-08T06:35:40.9361647Z [36;1m  exit 1[0m
2026-10-08T06:35:40.9361848Z [36;1mfi[0m
2026-10-08T06:35:40.9362076Z [36;1mecho "::add-mask::$HF_TOKEN"[0m
2026-10-08T06:35:40.9362404Z [36;1mif command -v nvidia-smi >/dev/null 2>&1; then[0m
2026-10-08T06:35:40.9362812Z [36;1m  echo "::error::GPU tooling is present; refusing execution"[0m
2026-10-08T06:35:40.9363154Z [36;1m  exit 1[0m
2026-10-08T06:35:40.9363348Z [36;1mfi[0m
2026-10-08T06:35:41.0196941Z shell: /usr/bin/bash --noprofile --norc -e -o pipefail {0}
2026-10-08T06:35:41.0197450Z env:
2026-10-08T06:35:41.0197983Z   HF_TOKEN: ***
2026-10-08T06:35:41.0198386Z   MARKETING_SHORTFORM_BASE_URL: http://127.0.0.1:4318
2026-10-08T06:35:41.0199063Z   MARKETING_SHORTFORM_BRIDGE_TOKEN: 
2026-10-08T06:35:41.0199455Z   HF_HUB_DISABLE_TELEMETRY: 1
2026-10-08T06:35:41.0199791Z   HF_HUB_DISABLE_XET: 1
2026-10-08T06:35:41.0200131Z   CUDA_VISIBLE_DEVICES: 
2026-10-08T06:35:41.0200437Z   PYTHONPATH: src
2026-10-08T06:35:41.0200735Z   TOKENIZERS_PARALLELISM: false
2026-10-08T06:35:41.0201069Z   OMP_NUM_THREADS: 2
2026-10-08T06:35:41.0201357Z   MKL_NUM_THREADS: 2
2026-10-08T06:35:41.0201750Z   pythonLocation: /opt/hostedtoolcache/Python/3.11.17/x64
2026-10-08T06:35:41.0202342Z   PKG_CONFIG_PATH: /opt/hostedtoolcache/Python/3.11.17/x64/lib/pkgconfig
2026-10-08T06:35:41.0202923Z   Python_ROOT_DIR: /opt/hostedtoolcache/Python/3.11.17/x64
2026-10-08T06:35:41.0203441Z   Python2_ROOT_DIR: /opt/hostedtoolcache/Python/3.11.17/x64
2026-10-08T06:35:41.0203975Z   Python3_ROOT_DIR: /opt/hostedtoolcache/Python/3.11.17/x64
2026-10-08T06:35:41.0204498Z   LD_LIBRARY_PATH: /opt/hostedtoolcache/Python/3.11.17/x64/lib
2026-10-08T06:35:41.0204948Z ##[endgroup]
2026-10-08T06:35:41.0371471Z ##[group]Run sudo apt-get update
2026-10-08T06:35:41.0371911Z [36;1msudo apt-get update[0m
2026-10-08T06:35:41.0372262Z [36;1msudo apt-get install -y --no-install-recommends ffmpeg[0m
2026-10-08T06:35:41.0373038Z [36;1mpython -m pip install --disable-pip-version-check "torch==2.8.0" "torchvision==0.23.0" --index-url https://download.pytorch.org/whl/cpu[0m
2026-10-08T06:35:41.0374604Z [36;1mpython -m pip install --disable-pip-version-check "transformers==4.57.3" "huggingface_hub==0.36.0" "safetensors==0.6.2" "opencv-python-headless==4.12.0.88" "onnxruntime==1.30.0" "numpy==2.2.6" "Pillow==11.3.0" "pyarrow==21.0.0" "soundfile==0.13.1" "jiwer==4.0.0" "requests==2.32.5" "selenium==4.35.0" "openvino==2025.3.0"[0m
2026-10-08T06:35:41.0443004Z shell: /usr/bin/bash --noprofile --norc -e -o pipefail {0}
2026-10-08T06:35:41.0443385Z env:
2026-10-08T06:35:41.0443740Z   HF_TOKEN: ***
2026-10-08T06:35:41.0444034Z   MARKETING_SHORTFORM_BASE_URL: http://127.0.0.1:4318
2026-10-08T06:35:41.0444443Z   MARKETING_SHORTFORM_BRIDGE_TOKEN: 
2026-10-08T06:35:41.0444743Z   HF_HUB_DISABLE_TELEMETRY: 1
2026-10-08T06:35:41.0445010Z   HF_HUB_DISABLE_XET: 1
2026-10-08T06:35:41.0445256Z   CUDA_VISIBLE_DEVICES: 
2026-10-08T06:35:41.0445500Z   PYTHONPATH: src
2026-10-08T06:35:41.0445735Z   TOKENIZERS_PARALLELISM: false
2026-10-08T06:35:41.0446009Z   OMP_NUM_THREADS: 2
2026-10-08T06:35:41.0446237Z   MKL_NUM_THREADS: 2
2026-10-08T06:35:41.0446738Z   pythonLocation: /opt/hostedtoolcache/Python/3.11.17/x64
2026-10-08T06:35:41.0447218Z   PKG_CONFIG_PATH: /opt/hostedtoolcache/Python/3.11.17/x64/lib/pkgconfig
2026-10-08T06:35:41.0447699Z   Python_ROOT_DIR: /opt/hostedtoolcache/Python/3.11.17/x64
2026-10-08T06:35:41.0448126Z   Python2_ROOT_DIR: /opt/hostedtoolcache/Python/3.11.17/x64
2026-10-08T06:35:41.0448537Z   Python3_ROOT_DIR: /opt/hostedtoolcache/Python/3.11.17/x64
2026-10-08T06:35:41.0449220Z   LD_LIBRARY_PATH: /opt/hostedtoolcache/Python/3.11.17/x64/lib
2026-10-08T06:35:41.0449572Z ##[endgroup]
2026-10-08T06:35:41.1534631Z Get:1 file:/etc/apt/apt-mirrors.txt Mirrorlist [144 B]
2026-10-08T06:35:41.1910211Z Hit:2 http://azure.archive.ubuntu.com/ubuntu noble InRelease
2026-10-08T06:35:41.1940245Z Get:6 https://packages.microsoft.com/ubuntu/24.04/prod noble InRelease [3600 B]
2026-10-08T06:35:41.1959999Z Get:3 http://azure.archive.ubuntu.com/ubuntu noble-updates InRelease [126 kB]
2026-10-08T06:35:41.2020010Z Get:4 http://azure.archive.ubuntu.com/ubuntu noble-backports InRelease [126 kB]
2026-10-08T06:35:41.2049868Z Get:5 http://azure.archive.ubuntu.com/ubuntu noble-security InRelease [126 kB]
2026-10-08T06:35:41.3972955Z Get:7 https://packages.microsoft.com/ubuntu/24.04/prod noble/main armhf Packages [12.3 kB]
2026-10-08T06:35:41.4140319Z Get:8 https://packages.microsoft.com/ubuntu/24.04/prod noble/main amd64 Packages [530 kB]
2026-10-08T06:35:41.4307469Z Get:9 https://packages.microsoft.com/ubuntu/24.04/prod noble/main all Packages [640 B]
2026-10-08T06:35:41.4359993Z Get:10 https://packages.microsoft.com/ubuntu/24.04/prod noble/main arm64 Packages [474 kB]
2026-10-08T06:35:41.4716720Z Get:11 http://azure.archive.ubuntu.com/ubuntu noble-updates/main amd64 Packages [1375 kB]
2026-10-08T06:35:41.4862766Z Get:12 http://azure.archive.ubuntu.com/ubuntu noble-updates/main Translation-en [306 kB]
2026-10-08T06:35:41.4888348Z Get:13 http://azure.archive.ubuntu.com/ubuntu noble-updates/universe amd64 Packages [1702 kB]
2026-10-08T06:35:41.4973950Z Get:14 http://azure.archive.ubuntu.com/ubuntu noble-updates/universe Translation-en [341 kB]
2026-10-08T06:35:41.5000082Z Get:15 http://azure.archive.ubuntu.com/ubuntu noble-updates/restricted amd64 Packages [1761 kB]
2026-10-08T06:35:41.5100690Z Get:16 http://azure.archive.ubuntu.com/ubuntu noble-updates/restricted Translation-en [401 kB]
2026-10-08T06:35:41.5221522Z Get:17 http://azure.archive.ubuntu.com/ubuntu noble-updates/multiverse amd64 Packages [55.0 kB]
2026-10-08T06:35:41.5243658Z Get:18 http://azure.archive.ubuntu.com/ubuntu noble-updates/multiverse Translation-en [14.3 kB]
2026-10-08T06:35:41.6530346Z Get:19 http://azure.archive.ubuntu.com/ubuntu noble-security/main amd64 Packages [1074 kB]
2026-10-08T06:35:41.6605601Z Get:20 http://azure.archive.ubuntu.com/ubuntu noble-security/main Translation-en [223 kB]
2026-10-08T06:35:41.7043078Z Get:21 http://azure.archive.ubuntu.com/ubuntu noble-security/universe amd64 Packages [1218 kB]
2026-10-08T06:35:41.7130003Z Get:22 http://azure.archive.ubuntu.com/ubuntu noble-security/universe Translation-en [245 kB]
2026-10-08T06:35:41.7143708Z Get:23 http://azure.archive.ubuntu.com/ubuntu noble-security/multiverse Translation-en [11.6 kB]
2026-10-08T06:35:45.4294947Z Fetched 10.1 MB in 1s (8245 kB/s)
2026-10-08T06:35:46.2956028Z Reading package lists...
2026-10-08T06:35:46.3267435Z Reading package lists...
2026-10-08T06:35:46.5224122Z Building dependency tree...
2026-10-08T06:35:46.5231741Z Reading state information...
2026-10-08T06:35:46.6674539Z The following additional packages will be installed:
2026-10-08T06:35:46.6675936Z   libass9 libasyncns0 libavc1394-0 libavcodec60 libavdevice60 libavfilter9
2026-10-08T06:35:46.6677222Z   libavformat60 libavutil58 libblas3 libbluray2 libbs2b0 libcaca0
2026-10-08T06:35:46.6678548Z   libcdio-cdda2t64 libcdio-paranoia2t64 libcdio19t64 libchromaprint1 libcjson1
2026-10-08T06:35:46.6680456Z   libcodec2-1.2 libdav1d7 libdc1394-25 libdecor-0-0 libflac12t64 libflite1
2026-10-08T06:35:46.6681654Z   libgme0 libgsm1 libhwy1t64 libiec61883-0 libjack-jackd2-0 libjxl0.7
2026-10-08T06:35:46.6683101Z   liblapack3 liblilv-0-0 libmbedcrypto7t64 libmp3lame0 libmpg123-0t64
2026-10-08T06:35:46.6683945Z   libmysofa1 libopenal-data libopenal1 libopenmpt0t64 libopus0 libplacebo338
2026-10-08T06:35:46.6685151Z   libpocketsphinx3 libpostproc57 libpulse0 librav1e0 libraw1394-11 librist4
2026-10-08T06:35:46.6686200Z   librsvg2-2 librubberband2 libsamplerate0 libsdl2-2.0-0 libserd-0-0 libshine3
2026-10-08T06:35:46.6687145Z   libsndfile1 libsndio7.0 libsord-0-0 libsoxr0 libspeex1 libsphinxbase3t64
2026-10-08T06:35:46.6687889Z   libsratom-0-0 libsrt1.5-gnutls libssh-gcrypt-4 libsvtav1enc1d1
2026-10-08T06:35:46.6689071Z   libswresample4 libswscale7 libtheora0 libtwolame0 libudfread0 libunibreak5
2026-10-08T06:35:46.6690248Z   libva-drm2 libva-x11-2 libva2 libvdpau1 libvidstab1.1 libvorbisenc2 libvpl2
2026-10-08T06:35:46.6691448Z   libvpx9 libx264-164 libx265-199 libxcb-shape0 libxv1 libxvidcore4 libzimg2
2026-10-08T06:35:46.6692533Z   libzix-0-0 libzvbi-common libzvbi0t64 ocl-icd-libopencl1
2026-10-08T06:35:46.6693164Z Suggested packages:
2026-10-08T06:35:46.6693790Z   ffmpeg-doc libcuda1 libnvcuvid1 libnvidia-encode1 libbluray-bdj jackd2
2026-10-08T06:35:46.6694890Z   libportaudio2 opus-tools pulseaudio libraw1394-doc librsvg2-bin serdi sndiod
2026-10-08T06:35:46.6695661Z   sordi speex opencl-icd
2026-10-08T06:35:46.6696087Z Recommended packages:
2026-10-08T06:35:46.6696636Z   libaacs0 default-libdecor-0-plugin-1 | libdecor-0-plugin-1
2026-10-08T06:35:46.6697428Z   pocketsphinx-en-us librsvg2-common va-driver-all | va-driver
2026-10-08T06:35:46.6698099Z   vdpau-driver-all | vdpau-driver
2026-10-08T06:35:46.7097730Z The following NEW packages will be installed:
2026-10-08T06:35:46.7099073Z   ffmpeg libass9 libasyncns0 libavc1394-0 libavcodec60 libavdevice60
2026-10-08T06:35:46.7100323Z   libavfilter9 libavformat60 libavutil58 libblas3 libbluray2 libbs2b0 libcaca0
2026-10-08T06:35:46.7101643Z   libcdio-cdda2t64 libcdio-paranoia2t64 libcdio19t64 libchromaprint1 libcjson1
2026-10-08T06:35:46.7102886Z   libcodec2-1.2 libdav1d7 libdc1394-25 libdecor-0-0 libflac12t64 libflite1
2026-10-08T06:35:46.7103895Z   libgme0 libgsm1 libhwy1t64 libiec61883-0 libjack-jackd2-0 libjxl0.7
2026-10-08T06:35:46.7104880Z   liblapack3 liblilv-0-0 libmbedcrypto7t64 libmp3lame0 libmpg123-0t64
2026-10-08T06:35:46.7105938Z   libmysofa1 libopenal-data libopenal1 libopenmpt0t64 libopus0 libplacebo338
2026-10-08T06:35:46.7107060Z   libpocketsphinx3 libpostproc57 libpulse0 librav1e0 libraw1394-11 librist4
2026-10-08T06:35:46.7108604Z   librsvg2-2 librubberband2 libsamplerate0 libsdl2-2.0-0 libserd-0-0 libshine3
2026-10-08T06:35:46.7109965Z   libsndfile1 libsndio7.0 libsord-0-0 libsoxr0 libspeex1 libsphinxbase3t64
2026-10-08T06:35:46.7110634Z   libsratom-0-0 libsrt1.5-gnutls libssh-gcrypt-4 libsvtav1enc1d1
2026-10-08T06:35:46.7111282Z   libswresample4 libswscale7 libtheora0 libtwolame0 libudfread0 libunibreak5
2026-10-08T06:35:46.7111968Z   libva-drm2 libva-x11-2 libva2 libvdpau1 libvidstab1.1 libvorbisenc2 libvpl2
2026-10-08T06:35:46.7168244Z   libvpx9 libx264-164 libx265-199 libxcb-shape0 libxv1 libxvidcore4 libzimg2
2026-10-08T06:35:46.7169322Z   libzix-0-0 libzvbi-common libzvbi0t64 ocl-icd-libopencl1
2026-10-08T06:35:46.7315768Z 0 upgraded, 87 newly installed, 0 to remove and 17 not upgraded.
2026-10-08T06:35:46.7316290Z Need to get 62.8 MB of archives.
2026-10-08T06:35:46.7316815Z After this operation, 173 MB of additional disk space will be used.
2026-10-08T06:35:46.7317711Z Get:1 file:/etc/apt/apt-mirrors.txt Mirrorlist [144 B]
2026-10-08T06:35:46.8305346Z Get:2 http://azure.archive.ubuntu.com/ubuntu noble-updates/universe amd64 libva2 amd64 2.20.0-2ubuntu0.2 [66.4 kB]
2026-10-08T06:35:46.9134619Z Get:3 http://azure.archive.ubuntu.com/ubuntu noble-updates/universe amd64 libva-drm2 amd64 2.20.0-2ubuntu0.2 [7124 B]
2026-10-08T06:35:46.9952479Z Get:4 http://azure.archive.ubuntu.com/ubuntu noble-updates/universe amd64 libva-x11-2 amd64 2.20.0-2ubuntu0.2 [12.0 kB]
2026-10-08T06:35:47.0769667Z Get:5 http://azure.archive.ubuntu.com/ubuntu noble/main amd64 libvdpau1 amd64 1.5-2build1 [27.8 kB]
2026-10-08T06:35:47.1589372Z Get:6 http://azure.archive.ubuntu.com/ubuntu noble/universe amd64 libvpl2 amd64 2023.3.0-1build1 [99.8 kB]
2026-10-08T06:35:47.2409731Z Get:7 http://azure.archive.ubuntu.com/ubuntu noble/universe amd64 ocl-icd-libopencl1 amd64 2.3.2-1build1 [38.5 kB]
2026-10-08T06:35:47.3230346Z Get:8 http://azure.archive.ubuntu.com/ubuntu noble/universe amd64 libavutil58 amd64 7:6.1.1-3ubuntu5 [401 kB]
2026-10-08T06:35:47.4078388Z Get:9 http://azure.archive.ubuntu.com/ubuntu noble/universe amd64 libcodec2-1.2 amd64 1.2.0-2build1 [8998 kB]
2026-10-08T06:35:47.6788930Z Get:10 http://azure.archive.ubuntu.com/ubuntu noble/universe amd64 libdav1d7 amd64 1.4.1-1build1 [604 kB]
2026-10-08T06:35:47.7661843Z Get:11 http://azure.archive.ubuntu.com/ubuntu noble/universe amd64 libgsm1 amd64 1.0.22-1build1 [27.8 kB]
2026-10-08T06:35:47.8480569Z Get:12 http://azure.archive.ubuntu.com/ubuntu noble/universe amd64 libhwy1t64 amd64 1.0.7-8.1build1 [584 kB]
2026-10-08T06:35:47.9345736Z Get:13 http://azure.archive.ubuntu.com/ubuntu noble-updates/universe amd64 libjxl0.7 amd64 0.7.0-10.2ubuntu6.1 [1001 kB]
2026-10-08T06:35:48.0251035Z Get:14 http://azure.archive.ubuntu.com/ubuntu noble/main amd64 libmp3lame0 amd64 3.100-6build1 [142 kB]
2026-10-08T06:35:48.1082100Z Get:15 http://azure.archive.ubuntu.com/ubuntu noble/main amd64 libopus0 amd64 1.4-1build1 [208 kB]
2026-10-08T06:35:48.1916101Z Get:16 http://azure.archive.ubuntu.com/ubuntu noble/universe amd64 librav1e0 amd64 0.7.1-2 [1022 kB]
2026-10-08T06:35:48.2830231Z Get:17 http://azure.archive.ubuntu.com/ubuntu noble-updates/main amd64 librsvg2-2 amd64 2.58.0+dfsg-1ubuntu0.1 [2141 kB]
2026-10-08T06:35:48.3838411Z Get:18 http://azure.archive.ubuntu.com/ubuntu noble/universe amd64 libshine3 amd64 3.1.1-2build1 [23.2 kB]
2026-10-08T06:35:48.4657053Z Get:19 http://azure.archive.ubuntu.com/ubuntu noble-updates/main amd64 libspeex1 amd64 1.2.1-2ubuntu2.24.04.1 [59.6 kB]
2026-10-08T06:35:48.5481511Z Get:20 http://azure.archive.ubuntu.com/ubuntu noble/universe amd64 libsvtav1enc1d1 amd64 1.7.0+dfsg-2build1 [2425 kB]
2026-10-08T06:35:48.6517214Z Get:21 http://azure.archive.ubuntu.com/ubuntu noble/universe amd64 libsoxr0 amd64 0.1.3-4build3 [80.0 kB]
2026-10-08T06:35:48.7346495Z Get:22 http://azure.archive.ubuntu.com/ubuntu noble/universe amd64 libswresample4 amd64 7:6.1.1-3ubuntu5 [63.8 kB]
2026-10-08T06:35:48.8172089Z Get:23 http://azure.archive.ubuntu.com/ubuntu noble/main amd64 libtheora0 amd64 1.1.1+dfsg.1-16.1build3 [211 kB]
2026-10-08T06:35:48.9004180Z Get:24 http://azure.archive.ubuntu.com/ubuntu noble/main amd64 libtwolame0 amd64 0.4.0-2build3 [52.3 kB]
2026-10-08T06:35:48.9828405Z Get:25 http://azure.archive.ubuntu.com/ubuntu noble/main amd64 libvorbisenc2 amd64 1.3.7-1build3 [80.8 kB]
2026-10-08T06:35:49.0682340Z Get:26 http://azure.archive.ubuntu.com/ubuntu noble-updates/main amd64 libvpx9 amd64 1.14.0-1ubuntu2.3 [1143 kB]
2026-10-08T06:35:49.1576190Z Get:27 http://azure.archive.ubuntu.com/ubuntu noble/universe amd64 libx264-164 amd64 2:0.164.3108+git31e19f9-1 [604 kB]
2026-10-08T06:35:49.2447214Z Get:28 http://azure.archive.ubuntu.com/ubuntu noble/universe amd64 libx265-199 amd64 3.5-2build1 [1226 kB]
2026-10-08T06:35:49.3372470Z Get:29 http://azure.archive.ubuntu.com/ubuntu noble/universe amd64 libxvidcore4 amd64 2:1.3.7-1build1 [219 kB]
2026-10-08T06:35:49.4208252Z Get:30 http://azure.archive.ubuntu.com/ubuntu noble/universe amd64 libzvbi-common all 0.2.42-2 [42.4 kB]
2026-10-08T06:35:49.5036571Z Get:31 http://azure.archive.ubuntu.com/ubuntu noble/universe amd64 libzvbi0t64 amd64 0.2.42-2 [261 kB]
2026-10-08T06:35:49.5872179Z Get:32 http://azure.archive.ubuntu.com/ubuntu noble/universe amd64 libavcodec60 amd64 7:6.1.1-3ubuntu5 [5851 kB]
2026-10-08T06:35:49.7809620Z Get:33 http://azure.archive.ubuntu.com/ubuntu noble/main amd64 libraw1394-11 amd64 2.1.2-2build3 [26.2 kB]
2026-10-08T06:35:49.8626247Z Get:34 http://azure.archive.ubuntu.com/ubuntu noble/main amd64 libavc1394-0 amd64 0.5.4-5build3 [15.4 kB]
2026-10-08T06:35:49.9442486Z Get:35 http://azure.archive.ubuntu.com/ubuntu noble/universe amd64 libunibreak5 amd64 5.1-2build1 [25.0 kB]
2026-10-08T06:35:50.0260049Z Get:36 http://azure.archive.ubuntu.com/ubuntu noble/universe amd64 libass9 amd64 1:0.17.1-2build1 [104 kB]
2026-10-08T06:35:50.1082705Z Get:37 http://azure.archive.ubuntu.com/ubuntu noble/universe amd64 libudfread0 amd64 1.1.2-1build1 [19.0 kB]
2026-10-08T06:35:50.1901236Z Get:38 http://azure.archive.ubuntu.com/ubuntu noble/universe amd64 libbluray2 amd64 1:1.3.4-1build1 [159 kB]
2026-10-08T06:35:50.2734281Z Get:39 http://azure.archive.ubuntu.com/ubuntu noble/universe amd64 libchromaprint1 amd64 1.5.1-5 [30.5 kB]
2026-10-08T06:35:50.3555955Z Get:40 http://azure.archive.ubuntu.com/ubuntu noble/universe amd64 libgme0 amd64 0.6.3-7build1 [134 kB]
2026-10-08T06:35:50.4380923Z Get:41 http://azure.archive.ubuntu.com/ubuntu noble-updates/main amd64 libmpg123-0t64 amd64 1.32.5-1ubuntu1.1 [169 kB]
2026-10-08T06:35:50.5206229Z Get:42 http://azure.archive.ubuntu.com/ubuntu noble/universe amd64 libopenmpt0t64 amd64 0.7.3-1.1build3 [647 kB]
2026-10-08T06:35:50.6079016Z Get:43 http://azure.archive.ubuntu.com/ubuntu noble/universe amd64 libcjson1 amd64 1.7.17-1 [24.8 kB]
2026-10-08T06:35:50.6900078Z Get:44 http://azure.archive.ubuntu.com/ubuntu noble/universe amd64 libmbedcrypto7t64 amd64 2.28.8-1 [209 kB]
2026-10-08T06:35:50.7737347Z Get:45 http://azure.archive.ubuntu.com/ubuntu noble/universe amd64 librist4 amd64 0.2.10+dfsg-2 [74.9 kB]
2026-10-08T06:35:50.8562276Z Get:46 http://azure.archive.ubuntu.com/ubuntu noble/universe amd64 libsrt1.5-gnutls amd64 1.5.3-1build2 [316 kB]
2026-10-08T06:35:50.9402229Z Get:47 http://azure.archive.ubuntu.com/ubuntu noble-updates/main amd64 libssh-gcrypt-4 amd64 0.10.6-2ubuntu0.5 [226 kB]
2026-10-08T06:35:51.0233353Z Get:48 http://azure.archive.ubuntu.com/ubuntu noble/universe amd64 libavformat60 amd64 7:6.1.1-3ubuntu5 [1153 kB]
2026-10-08T06:35:51.1333983Z Get:49 http://azure.archive.ubuntu.com/ubuntu noble/universe amd64 libbs2b0 amd64 3.1.0+dfsg-7build1 [10.6 kB]
2026-10-08T06:35:51.2152897Z Get:50 http://azure.archive.ubuntu.com/ubuntu noble/universe amd64 libflite1 amd64 2.2-6build3 [13.6 MB]
2026-10-08T06:35:51.6439969Z Get:51 http://azure.archive.ubuntu.com/ubuntu noble/universe amd64 libserd-0-0 amd64 0.32.2-1 [43.6 kB]
2026-10-08T06:35:51.7288471Z Get:52 http://azure.archive.ubuntu.com/ubuntu noble/universe amd64 libzix-0-0 amd64 0.4.2-2build1 [23.6 kB]
2026-10-08T06:35:51.8107931Z Get:53 http://azure.archive.ubuntu.com/ubuntu noble/universe amd64 libsord-0-0 amd64 0.16.16-2build1 [15.8 kB]
2026-10-08T06:35:51.8928641Z Get:54 http://azure.archive.ubuntu.com/ubuntu noble/universe amd64 libsratom-0-0 amd64 0.6.16-1build1 [17.3 kB]
2026-10-08T06:35:51.9749227Z Get:55 http://azure.archive.ubuntu.com/ubuntu noble/universe amd64 liblilv-0-0 amd64 0.24.22-1build1 [41.0 kB]
2026-10-08T06:35:52.0574295Z Get:56 http://azure.archive.ubuntu.com/ubuntu noble/universe amd64 libmysofa1 amd64 1.3.2+dfsg-2ubuntu2 [1158 kB]
2026-10-08T06:35:52.1493522Z Get:57 http://azure.archive.ubuntu.com/ubuntu noble/universe amd64 libplacebo338 amd64 6.338.2-2build1 [2654 kB]
2026-10-08T06:35:52.2547200Z Get:58 http://azure.archive.ubuntu.com/ubuntu noble-updates/main amd64 libblas3 amd64 3.12.0-3build1.1 [238 kB]
2026-10-08T06:35:52.3386969Z Get:59 http://azure.archive.ubuntu.com/ubuntu noble-updates/main amd64 liblapack3 amd64 3.12.0-3build1.1 [2646 kB]
2026-10-08T06:35:52.4435447Z Get:60 http://azure.archive.ubuntu.com/ubuntu noble/main amd64 libasyncns0 amd64 0.8-6build4 [11.3 kB]
2026-10-08T06:35:52.5253071Z Get:61 http://azure.archive.ubuntu.com/ubuntu noble/main amd64 libflac12t64 amd64 1.4.3+ds-2.1ubuntu2 [197 kB]
2026-10-08T06:35:52.6088098Z Get:62 http://azure.archive.ubuntu.com/ubuntu noble-updates/main amd64 libsndfile1 amd64 1.2.2-1ubuntu5.24.04.1 [209 kB]
2026-10-08T06:35:52.6941975Z Get:63 http://azure.archive.ubuntu.com/ubuntu noble-updates/main amd64 libpulse0 amd64 1:16.1+dfsg1-2ubuntu10.1 [292 kB]
2026-10-08T06:35:52.7793892Z Get:64 http://azure.archive.ubuntu.com/ubuntu noble/universe amd64 libsphinxbase3t64 amd64 0.8+5prealpha+1-17build2 [126 kB]
2026-10-08T06:35:52.8619521Z Get:65 http://azure.archive.ubuntu.com/ubuntu noble/universe amd64 libpocketsphinx3 amd64 0.8.0+real5prealpha+1-15ubuntu5 [133 kB]
2026-10-08T06:35:52.9467706Z Get:66 http://azure.archive.ubuntu.com/ubuntu noble/universe amd64 libpostproc57 amd64 7:6.1.1-3ubuntu5 [49.9 kB]
2026-10-08T06:35:53.0306059Z Get:67 http://azure.archive.ubuntu.com/ubuntu noble/main amd64 libsamplerate0 amd64 0.2.2-4build1 [1344 kB]
2026-10-08T06:35:53.1276668Z Get:68 http://azure.archive.ubuntu.com/ubuntu noble/universe amd64 librubberband2 amd64 3.3.0+dfsg-2build1 [130 kB]
2026-10-08T06:35:53.2108535Z Get:69 http://azure.archive.ubuntu.com/ubuntu noble/universe amd64 libswscale7 amd64 7:6.1.1-3ubuntu5 [193 kB]
2026-10-08T06:35:53.2950247Z Get:70 http://azure.archive.ubuntu.com/ubuntu noble/universe amd64 libvidstab1.1 amd64 1.1.0-2build1 [38.5 kB]
2026-10-08T06:35:53.3785916Z Get:71 http://azure.archive.ubuntu.com/ubuntu noble/universe amd64 libzimg2 amd64 3.0.5+ds1-1build1 [254 kB]
2026-10-08T06:35:53.4688271Z Get:72 http://azure.archive.ubuntu.com/ubuntu noble/universe amd64 libavfilter9 amd64 7:6.1.1-3ubuntu5 [4235 kB]
2026-10-08T06:35:53.6614799Z Get:73 http://azure.archive.ubuntu.com/ubuntu noble-updates/main amd64 libcaca0 amd64 0.99.beta20-4ubuntu0.2 [209 kB]
2026-10-08T06:35:53.7484525Z Get:74 http://azure.archive.ubuntu.com/ubuntu noble-updates/main amd64 libcdio19t64 amd64 2.1.0-4.1ubuntu1.2 [62.4 kB]
2026-10-08T06:35:53.8335637Z Get:75 http://azure.archive.ubuntu.com/ubuntu noble/main amd64 libcdio-cdda2t64 amd64 10.2+2.0.1-1.1build2 [16.5 kB]
2026-10-08T06:35:53.9169128Z Get:76 http://azure.archive.ubuntu.com/ubuntu noble/main amd64 libcdio-paranoia2t64 amd64 10.2+2.0.1-1.1build2 [16.6 kB]
2026-10-08T06:35:53.9997014Z Get:77 http://azure.archive.ubuntu.com/ubuntu noble/universe amd64 libdc1394-25 amd64 2.2.6-4build1 [90.1 kB]
2026-10-08T06:35:54.0830861Z Get:78 http://azure.archive.ubuntu.com/ubuntu noble/main amd64 libiec61883-0 amd64 1.2.0-6build1 [24.5 kB]
2026-10-08T06:35:54.1655356Z Get:79 http://azure.archive.ubuntu.com/ubuntu noble/main amd64 libjack-jackd2-0 amd64 1.9.21~dfsg-3ubuntu3 [289 kB]
2026-10-08T06:35:54.2543550Z Get:80 http://azure.archive.ubuntu.com/ubuntu noble/universe amd64 libopenal-data all 1:1.23.1-4build1 [161 kB]
2026-10-08T06:35:54.3390811Z Get:81 http://azure.archive.ubuntu.com/ubuntu noble/universe amd64 libsndio7.0 amd64 1.9.0-0.3build3 [29.6 kB]
2026-10-08T06:35:54.4213529Z Get:82 http://azure.archive.ubuntu.com/ubuntu noble/universe amd64 libopenal1 amd64 1:1.23.1-4build1 [540 kB]
2026-10-08T06:35:54.5078387Z Get:83 http://azure.archive.ubuntu.com/ubuntu noble/main amd64 libdecor-0-0 amd64 0.2.2-1build2 [16.5 kB]
2026-10-08T06:35:54.5903006Z Get:84 http://azure.archive.ubuntu.com/ubuntu noble-updates/main amd64 libsdl2-2.0-0 amd64 2.30.0+dfsg-1ubuntu3.1 [686 kB]
2026-10-08T06:35:54.6784092Z Get:85 http://azure.archive.ubuntu.com/ubuntu noble/main amd64 libxcb-shape0 amd64 1.15-1ubuntu2 [6100 B]
2026-10-08T06:35:54.7603567Z Get:86 http://azure.archive.ubuntu.com/ubuntu noble/main amd64 libxv1 amd64 2:1.0.11-1.1build1 [10.7 kB]
2026-10-08T06:35:54.8436146Z Get:87 http://azure.archive.ubuntu.com/ubuntu noble/universe amd64 libavdevice60 amd64 7:6.1.1-3ubuntu5 [82.3 kB]
2026-10-08T06:35:54.9284862Z Get:88 http://azure.archive.ubuntu.com/ubuntu noble/universe amd64 ffmpeg amd64 7:6.1.1-3ubuntu5 [1879 kB]
2026-10-08T06:35:55.2603118Z Fetched 62.8 MB in 8s (7641 kB/s)
2026-10-08T06:35:55.2883736Z Selecting previously unselected package libva2:amd64.
2026-10-08T06:35:55.3196248Z (Reading database ... 
2026-10-08T06:35:55.3196705Z (Reading database ... 5%
2026-10-08T06:35:55.3197152Z (Reading database ... 10%
2026-10-08T06:35:55.3197413Z (Reading database ... 15%
2026-10-08T06:35:55.3197665Z (Reading database ... 20%
2026-10-08T06:35:55.3197910Z (Reading database ... 25%
2026-10-08T06:35:55.3198155Z (Reading database ... 30%
2026-10-08T06:35:55.3198400Z (Reading database ... 35%
2026-10-08T06:35:55.3199354Z (Reading database ... 40%
2026-10-08T06:35:55.3199652Z (Reading database ... 45%
2026-10-08T06:35:55.3200091Z (Reading database ... 50%
2026-10-08T06:35:55.3252990Z (Reading database ... 55%
2026-10-08T06:35:55.4452178Z (Reading database ... 60%
2026-10-08T06:35:55.6524664Z (Reading database ... 65%
2026-10-08T06:35:55.8603573Z (Reading database ... 70%
2026-10-08T06:35:56.0081724Z (Reading database ... 75%
2026-10-08T06:35:56.2021766Z (Reading database ... 80%
2026-10-08T06:35:56.4073892Z (Reading database ... 85%
2026-10-08T06:35:56.5997789Z (Reading database ... 90%
2026-10-08T06:35:56.7661387Z (Reading database ... 95%
2026-10-08T06:35:56.7661845Z (Reading database ... 100%
2026-10-08T06:35:56.7662356Z (Reading database ... 203191 files and directories currently installed.)
2026-10-08T06:35:56.7705959Z Preparing to unpack .../00-libva2_2.20.0-2ubuntu0.2_amd64.deb ...
2026-10-08T06:35:56.7746509Z Unpacking libva2:amd64 (2.20.0-2ubuntu0.2) ...
2026-10-08T06:35:56.7971823Z Selecting previously unselected package libva-drm2:amd64.
2026-10-08T06:35:56.8098494Z Preparing to unpack .../01-libva-drm2_2.20.0-2ubuntu0.2_amd64.deb ...
2026-10-08T06:35:56.8107303Z Unpacking libva-drm2:amd64 (2.20.0-2ubuntu0.2) ...
2026-10-08T06:35:56.8305889Z Selecting previously unselected package libva-x11-2:amd64.
2026-10-08T06:35:56.8430909Z Preparing to unpack .../02-libva-x11-2_2.20.0-2ubuntu0.2_amd64.deb ...
2026-10-08T06:35:56.8439937Z Unpacking libva-x11-2:amd64 (2.20.0-2ubuntu0.2) ...
2026-10-08T06:35:56.8643239Z Selecting previously unselected package libvdpau1:amd64.
2026-10-08T06:35:56.8767496Z Preparing to unpack .../03-libvdpau1_1.5-2build1_amd64.deb ...
2026-10-08T06:35:56.8775848Z Unpacking libvdpau1:amd64 (1.5-2build1) ...
2026-10-08T06:35:56.8985359Z Selecting previously unselected package libvpl2.
2026-10-08T06:35:56.9109502Z Preparing to unpack .../04-libvpl2_2023.3.0-1build1_amd64.deb ...
2026-10-08T06:35:56.9145570Z Unpacking libvpl2 (2023.3.0-1build1) ...
2026-10-08T06:35:56.9359879Z Selecting previously unselected package ocl-icd-libopencl1:amd64.
2026-10-08T06:35:56.9484842Z Preparing to unpack .../05-ocl-icd-libopencl1_2.3.2-1build1_amd64.deb ...
2026-10-08T06:35:56.9494654Z Unpacking ocl-icd-libopencl1:amd64 (2.3.2-1build1) ...
2026-10-08T06:35:56.9748058Z Selecting previously unselected package libavutil58:amd64.
2026-10-08T06:35:56.9873785Z Preparing to unpack .../06-libavutil58_7%3a6.1.1-3ubuntu5_amd64.deb ...
2026-10-08T06:35:56.9881876Z Unpacking libavutil58:amd64 (7:6.1.1-3ubuntu5) ...
2026-10-08T06:35:57.0126387Z Selecting previously unselected package libcodec2-1.2:amd64.
2026-10-08T06:35:57.0252833Z Preparing to unpack .../07-libcodec2-1.2_1.2.0-2build1_amd64.deb ...
2026-10-08T06:35:57.0263464Z Unpacking libcodec2-1.2:amd64 (1.2.0-2build1) ...
2026-10-08T06:35:57.1004103Z Selecting previously unselected package libdav1d7:amd64.
2026-10-08T06:35:57.1130650Z Preparing to unpack .../08-libdav1d7_1.4.1-1build1_amd64.deb ...
2026-10-08T06:35:57.1139020Z Unpacking libdav1d7:amd64 (1.4.1-1build1) ...
2026-10-08T06:35:57.1402830Z Selecting previously unselected package libgsm1:amd64.
2026-10-08T06:35:57.1528374Z Preparing to unpack .../09-libgsm1_1.0.22-1build1_amd64.deb ...
2026-10-08T06:35:57.1537982Z Unpacking libgsm1:amd64 (1.0.22-1build1) ...
2026-10-08T06:35:57.1743586Z Selecting previously unselected package libhwy1t64:amd64.
2026-10-08T06:35:57.1869500Z Preparing to unpack .../10-libhwy1t64_1.0.7-8.1build1_amd64.deb ...
2026-10-08T06:35:57.1878565Z Unpacking libhwy1t64:amd64 (1.0.7-8.1build1) ...
2026-10-08T06:35:57.2194457Z Selecting previously unselected package libjxl0.7:amd64.
2026-10-08T06:35:57.2320420Z Preparing to unpack .../11-libjxl0.7_0.7.0-10.2ubuntu6.1_amd64.deb ...
2026-10-08T06:35:57.2328069Z Unpacking libjxl0.7:amd64 (0.7.0-10.2ubuntu6.1) ...
2026-10-08T06:35:57.2657569Z Selecting previously unselected package libmp3lame0:amd64.
2026-10-08T06:35:57.2783261Z Preparing to unpack .../12-libmp3lame0_3.100-6build1_amd64.deb ...
2026-10-08T06:35:57.2792584Z Unpacking libmp3lame0:amd64 (3.100-6build1) ...
2026-10-08T06:35:57.3006294Z Selecting previously unselected package libopus0:amd64.
2026-10-08T06:35:57.3131323Z Preparing to unpack .../13-libopus0_1.4-1build1_amd64.deb ...
2026-10-08T06:35:57.3140829Z Unpacking libopus0:amd64 (1.4-1build1) ...
2026-10-08T06:35:57.3355118Z Selecting previously unselected package librav1e0:amd64.
2026-10-08T06:35:57.3478103Z Preparing to unpack .../14-librav1e0_0.7.1-2_amd64.deb ...
2026-10-08T06:35:57.3485736Z Unpacking librav1e0:amd64 (0.7.1-2) ...
2026-10-08T06:35:57.3804106Z Selecting previously unselected package librsvg2-2:amd64.
2026-10-08T06:35:57.3927789Z Preparing to unpack .../15-librsvg2-2_2.58.0+dfsg-1ubuntu0.1_amd64.deb ...
2026-10-08T06:35:57.3936008Z Unpacking librsvg2-2:amd64 (2.58.0+dfsg-1ubuntu0.1) ...
2026-10-08T06:35:57.4377874Z Selecting previously unselected package libshine3:amd64.
2026-10-08T06:35:57.4503336Z Preparing to unpack .../16-libshine3_3.1.1-2build1_amd64.deb ...
2026-10-08T06:35:57.4512310Z Unpacking libshine3:amd64 (3.1.1-2build1) ...
2026-10-08T06:35:57.4736443Z Selecting previously unselected package libspeex1:amd64.
2026-10-08T06:35:57.4861327Z Preparing to unpack .../17-libspeex1_1.2.1-2ubuntu2.24.04.1_amd64.deb ...
2026-10-08T06:35:57.4870526Z Unpacking libspeex1:amd64 (1.2.1-2ubuntu2.24.04.1) ...
2026-10-08T06:35:57.5075665Z Selecting previously unselected package libsvtav1enc1d1:amd64.
2026-10-08T06:35:57.5199958Z Preparing to unpack .../18-libsvtav1enc1d1_1.7.0+dfsg-2build1_amd64.deb ...
2026-10-08T06:35:57.5208256Z Unpacking libsvtav1enc1d1:amd64 (1.7.0+dfsg-2build1) ...
2026-10-08T06:35:57.5681102Z Selecting previously unselected package libsoxr0:amd64.
2026-10-08T06:35:57.5806652Z Preparing to unpack .../19-libsoxr0_0.1.3-4build3_amd64.deb ...
2026-10-08T06:35:57.5816097Z Unpacking libsoxr0:amd64 (0.1.3-4build3) ...
2026-10-08T06:35:57.6023832Z Selecting previously unselected package libswresample4:amd64.
2026-10-08T06:35:57.6147683Z Preparing to unpack .../20-libswresample4_7%3a6.1.1-3ubuntu5_amd64.deb ...
2026-10-08T06:35:57.6156693Z Unpacking libswresample4:amd64 (7:6.1.1-3ubuntu5) ...
2026-10-08T06:35:57.6363138Z Selecting previously unselected package libtheora0:amd64.
2026-10-08T06:35:57.6486119Z Preparing to unpack .../21-libtheora0_1.1.1+dfsg.1-16.1build3_amd64.deb ...
2026-10-08T06:35:57.6494822Z Unpacking libtheora0:amd64 (1.1.1+dfsg.1-16.1build3) ...
2026-10-08T06:35:57.6720722Z Selecting previously unselected package libtwolame0:amd64.
2026-10-08T06:35:57.6842627Z Preparing to unpack .../22-libtwolame0_0.4.0-2build3_amd64.deb ...
2026-10-08T06:35:57.6880772Z Unpacking libtwolame0:amd64 (0.4.0-2build3) ...
2026-10-08T06:35:57.7078681Z Selecting previously unselected package libvorbisenc2:amd64.
2026-10-08T06:35:57.7204040Z Preparing to unpack .../23-libvorbisenc2_1.3.7-1build3_amd64.deb ...
2026-10-08T06:35:57.7211260Z Unpacking libvorbisenc2:amd64 (1.3.7-1build3) ...
2026-10-08T06:35:57.7427304Z Selecting previously unselected package libvpx9:amd64.
2026-10-08T06:35:57.7553717Z Preparing to unpack .../24-libvpx9_1.14.0-1ubuntu2.3_amd64.deb ...
2026-10-08T06:35:57.7560782Z Unpacking libvpx9:amd64 (1.14.0-1ubuntu2.3) ...
2026-10-08T06:35:57.7878454Z Selecting previously unselected package libx264-164:amd64.
2026-10-08T06:35:57.8005408Z Preparing to unpack .../25-libx264-164_2%3a0.164.3108+git31e19f9-1_amd64.deb ...
2026-10-08T06:35:57.8013211Z Unpacking libx264-164:amd64 (2:0.164.3108+git31e19f9-1) ...
2026-10-08T06:35:57.8273416Z Selecting previously unselected package libx265-199:amd64.
2026-10-08T06:35:57.8397690Z Preparing to unpack .../26-libx265-199_3.5-2build1_amd64.deb ...
2026-10-08T06:35:57.8404924Z Unpacking libx265-199:amd64 (3.5-2build1) ...
2026-10-08T06:35:57.9029841Z Selecting previously unselected package libxvidcore4:amd64.
2026-10-08T06:35:57.9156528Z Preparing to unpack .../27-libxvidcore4_2%3a1.3.7-1build1_amd64.deb ...
2026-10-08T06:35:57.9163977Z Unpacking libxvidcore4:amd64 (2:1.3.7-1build1) ...
2026-10-08T06:35:57.9371856Z Selecting previously unselected package libzvbi-common.
2026-10-08T06:35:57.9496033Z Preparing to unpack .../28-libzvbi-common_0.2.42-2_all.deb ...
2026-10-08T06:35:57.9502520Z Unpacking libzvbi-common (0.2.42-2) ...
2026-10-08T06:35:57.9776961Z Selecting previously unselected package libzvbi0t64:amd64.
2026-10-08T06:35:57.9902416Z Preparing to unpack .../29-libzvbi0t64_0.2.42-2_amd64.deb ...
2026-10-08T06:35:57.9909317Z Unpacking libzvbi0t64:amd64 (0.2.42-2) ...
2026-10-08T06:35:58.0134684Z Selecting previously unselected package libavcodec60:amd64.
2026-10-08T06:35:58.0258962Z Preparing to unpack .../30-libavcodec60_7%3a6.1.1-3ubuntu5_amd64.deb ...
2026-10-08T06:35:58.0267261Z Unpacking libavcodec60:amd64 (7:6.1.1-3ubuntu5) ...
2026-10-08T06:35:58.1050361Z Selecting previously unselected package libraw1394-11:amd64.
2026-10-08T06:35:58.1175884Z Preparing to unpack .../31-libraw1394-11_2.1.2-2build3_amd64.deb ...
2026-10-08T06:35:58.1183078Z Unpacking libraw1394-11:amd64 (2.1.2-2build3) ...
2026-10-08T06:35:58.1404277Z Selecting previously unselected package libavc1394-0:amd64.
2026-10-08T06:35:58.1528178Z Preparing to unpack .../32-libavc1394-0_0.5.4-5build3_amd64.deb ...
2026-10-08T06:35:58.1534886Z Unpacking libavc1394-0:amd64 (0.5.4-5build3) ...
2026-10-08T06:35:58.1727674Z Selecting previously unselected package libunibreak5:amd64.
2026-10-08T06:35:58.1853907Z Preparing to unpack .../33-libunibreak5_5.1-2build1_amd64.deb ...
2026-10-08T06:35:58.1860985Z Unpacking libunibreak5:amd64 (5.1-2build1) ...
2026-10-08T06:35:58.2077574Z Selecting previously unselected package libass9:amd64.
2026-10-08T06:35:58.2204442Z Preparing to unpack .../34-libass9_1%3a0.17.1-2build1_amd64.deb ...
2026-10-08T06:35:58.2211028Z Unpacking libass9:amd64 (1:0.17.1-2build1) ...
2026-10-08T06:35:58.2419931Z Selecting previously unselected package libudfread0:amd64.
2026-10-08T06:35:58.2551004Z Preparing to unpack .../35-libudfread0_1.1.2-1build1_amd64.deb ...
2026-10-08T06:35:58.2558332Z Unpacking libudfread0:amd64 (1.1.2-1build1) ...
2026-10-08T06:35:58.2745882Z Selecting previously unselected package libbluray2:amd64.
2026-10-08T06:35:58.2875057Z Preparing to unpack .../36-libbluray2_1%3a1.3.4-1build1_amd64.deb ...
2026-10-08T06:35:58.2881575Z Unpacking libbluray2:amd64 (1:1.3.4-1build1) ...
2026-10-08T06:35:58.3086781Z Selecting previously unselected package libchromaprint1:amd64.
2026-10-08T06:35:58.3212496Z Preparing to unpack .../37-libchromaprint1_1.5.1-5_amd64.deb ...
2026-10-08T06:35:58.3220102Z Unpacking libchromaprint1:amd64 (1.5.1-5) ...
2026-10-08T06:35:58.3407822Z Selecting previously unselected package libgme0:amd64.
2026-10-08T06:35:58.3535387Z Preparing to unpack .../38-libgme0_0.6.3-7build1_amd64.deb ...
2026-10-08T06:35:58.3542519Z Unpacking libgme0:amd64 (0.6.3-7build1) ...
2026-10-08T06:35:58.3747474Z Selecting previously unselected package libmpg123-0t64:amd64.
2026-10-08T06:35:58.3873265Z Preparing to unpack .../39-libmpg123-0t64_1.32.5-1ubuntu1.1_amd64.deb ...
2026-10-08T06:35:58.3879531Z Unpacking libmpg123-0t64:amd64 (1.32.5-1ubuntu1.1) ...
2026-10-08T06:35:58.4090388Z Selecting previously unselected package libopenmpt0t64:amd64.
2026-10-08T06:35:58.4217548Z Preparing to unpack .../40-libopenmpt0t64_0.7.3-1.1build3_amd64.deb ...
2026-10-08T06:35:58.4224340Z Unpacking libopenmpt0t64:amd64 (0.7.3-1.1build3) ...
2026-10-08T06:35:58.4476374Z Selecting previously unselected package libcjson1:amd64.
2026-10-08T06:35:58.4609857Z Preparing to unpack .../41-libcjson1_1.7.17-1_amd64.deb ...
2026-10-08T06:35:58.4617592Z Unpacking libcjson1:amd64 (1.7.17-1) ...
2026-10-08T06:35:58.4817966Z Selecting previously unselected package libmbedcrypto7t64:amd64.
2026-10-08T06:35:58.4946688Z Preparing to unpack .../42-libmbedcrypto7t64_2.28.8-1_amd64.deb ...
2026-10-08T06:35:58.4953088Z Unpacking libmbedcrypto7t64:amd64 (2.28.8-1) ...
2026-10-08T06:35:58.5165995Z Selecting previously unselected package librist4:amd64.
2026-10-08T06:35:58.5291805Z Preparing to unpack .../43-librist4_0.2.10+dfsg-2_amd64.deb ...
2026-10-08T06:35:58.5299154Z Unpacking librist4:amd64 (0.2.10+dfsg-2) ...
2026-10-08T06:35:58.5493041Z Selecting previously unselected package libsrt1.5-gnutls:amd64.
2026-10-08T06:35:58.5617163Z Preparing to unpack .../44-libsrt1.5-gnutls_1.5.3-1build2_amd64.deb ...
2026-10-08T06:35:58.5624137Z Unpacking libsrt1.5-gnutls:amd64 (1.5.3-1build2) ...
2026-10-08T06:35:58.5851847Z Selecting previously unselected package libssh-gcrypt-4:amd64.
2026-10-08T06:35:58.5978804Z Preparing to unpack .../45-libssh-gcrypt-4_0.10.6-2ubuntu0.5_amd64.deb ...
2026-10-08T06:35:58.5986001Z Unpacking libssh-gcrypt-4:amd64 (0.10.6-2ubuntu0.5) ...
2026-10-08T06:35:58.6210554Z Selecting previously unselected package libavformat60:amd64.
2026-10-08T06:35:58.6335493Z Preparing to unpack .../46-libavformat60_7%3a6.1.1-3ubuntu5_amd64.deb ...
2026-10-08T06:35:58.6342695Z Unpacking libavformat60:amd64 (7:6.1.1-3ubuntu5) ...
2026-10-08T06:35:58.6635146Z Selecting previously unselected package libbs2b0:amd64.
2026-10-08T06:35:58.6762194Z Preparing to unpack .../47-libbs2b0_3.1.0+dfsg-7build1_amd64.deb ...
2026-10-08T06:35:58.6790692Z Unpacking libbs2b0:amd64 (3.1.0+dfsg-7build1) ...
2026-10-08T06:35:58.7002598Z Selecting previously unselected package libflite1:amd64.
2026-10-08T06:35:58.7127913Z Preparing to unpack .../48-libflite1_2.2-6build3_amd64.deb ...
2026-10-08T06:35:58.7134162Z Unpacking libflite1:amd64 (2.2-6build3) ...
2026-10-08T06:35:58.8202383Z Selecting previously unselected package libserd-0-0:amd64.
2026-10-08T06:35:58.8330279Z Preparing to unpack .../49-libserd-0-0_0.32.2-1_amd64.deb ...
2026-10-08T06:35:58.8336162Z Unpacking libserd-0-0:amd64 (0.32.2-1) ...
2026-10-08T06:35:58.8529217Z Selecting previously unselected package libzix-0-0:amd64.
2026-10-08T06:35:58.8657253Z Preparing to unpack .../50-libzix-0-0_0.4.2-2build1_amd64.deb ...
2026-10-08T06:35:58.8664914Z Unpacking libzix-0-0:amd64 (0.4.2-2build1) ...
2026-10-08T06:35:58.8857892Z Selecting previously unselected package libsord-0-0:amd64.
2026-10-08T06:35:58.8992512Z Preparing to unpack .../51-libsord-0-0_0.16.16-2build1_amd64.deb ...
2026-10-08T06:35:58.9009782Z Unpacking libsord-0-0:amd64 (0.16.16-2build1) ...
2026-10-08T06:35:58.9200089Z Selecting previously unselected package libsratom-0-0:amd64.
2026-10-08T06:35:58.9331910Z Preparing to unpack .../52-libsratom-0-0_0.6.16-1build1_amd64.deb ...
2026-10-08T06:35:58.9339058Z Unpacking libsratom-0-0:amd64 (0.6.16-1build1) ...
2026-10-08T06:35:58.9528529Z Selecting previously unselected package liblilv-0-0:amd64.
2026-10-08T06:35:58.9659429Z Preparing to unpack .../53-liblilv-0-0_0.24.22-1build1_amd64.deb ...
2026-10-08T06:35:58.9667126Z Unpacking liblilv-0-0:amd64 (0.24.22-1build1) ...
2026-10-08T06:35:58.9862891Z Selecting previously unselected package libmysofa1:amd64.
2026-10-08T06:35:58.9992810Z Preparing to unpack .../54-libmysofa1_1.3.2+dfsg-2ubuntu2_amd64.deb ...
2026-10-08T06:35:59.0000414Z Unpacking libmysofa1:amd64 (1.3.2+dfsg-2ubuntu2) ...
2026-10-08T06:35:59.0267174Z Selecting previously unselected package libplacebo338:amd64.
2026-10-08T06:35:59.0398874Z Preparing to unpack .../55-libplacebo338_6.338.2-2build1_amd64.deb ...
2026-10-08T06:35:59.0405862Z Unpacking libplacebo338:amd64 (6.338.2-2build1) ...
2026-10-08T06:35:59.0932447Z Selecting previously unselected package libblas3:amd64.
2026-10-08T06:35:59.1066008Z Preparing to unpack .../56-libblas3_3.12.0-3build1.1_amd64.deb ...
2026-10-08T06:35:59.1095717Z Unpacking libblas3:amd64 (3.12.0-3build1.1) ...
2026-10-08T06:35:59.1343295Z Selecting previously unselected package liblapack3:amd64.
2026-10-08T06:35:59.1470049Z Preparing to unpack .../57-liblapack3_3.12.0-3build1.1_amd64.deb ...
2026-10-08T06:35:59.1498658Z Unpacking liblapack3:amd64 (3.12.0-3build1.1) ...
2026-10-08T06:35:59.1988854Z Selecting previously unselected package libasyncns0:amd64.
2026-10-08T06:35:59.2120236Z Preparing to unpack .../58-libasyncns0_0.8-6build4_amd64.deb ...
2026-10-08T06:35:59.2127212Z Unpacking libasyncns0:amd64 (0.8-6build4) ...
2026-10-08T06:35:59.2334625Z Selecting previously unselected package libflac12t64:amd64.
2026-10-08T06:35:59.2469543Z Preparing to unpack .../59-libflac12t64_1.4.3+ds-2.1ubuntu2_amd64.deb ...
2026-10-08T06:35:59.2479126Z Unpacking libflac12t64:amd64 (1.4.3+ds-2.1ubuntu2) ...
2026-10-08T06:35:59.2699821Z Selecting previously unselected package libsndfile1:amd64.
2026-10-08T06:35:59.2826605Z Preparing to unpack .../60-libsndfile1_1.2.2-1ubuntu5.24.04.1_amd64.deb ...
2026-10-08T06:35:59.2835408Z Unpacking libsndfile1:amd64 (1.2.2-1ubuntu5.24.04.1) ...
2026-10-08T06:35:59.3073469Z Selecting previously unselected package libpulse0:amd64.
2026-10-08T06:35:59.3202241Z Preparing to unpack .../61-libpulse0_1%3a16.1+dfsg1-2ubuntu10.1_amd64.deb ...
2026-10-08T06:35:59.3267959Z Unpacking libpulse0:amd64 (1:16.1+dfsg1-2ubuntu10.1) ...
2026-10-08T06:35:59.3647886Z Selecting previously unselected package libsphinxbase3t64:amd64.
2026-10-08T06:35:59.3777197Z Preparing to unpack .../62-libsphinxbase3t64_0.8+5prealpha+1-17build2_amd64.deb ...
2026-10-08T06:35:59.3784928Z Unpacking libsphinxbase3t64:amd64 (0.8+5prealpha+1-17build2) ...
2026-10-08T06:35:59.3994681Z Selecting previously unselected package libpocketsphinx3:amd64.
2026-10-08T06:35:59.4123635Z Preparing to unpack .../63-libpocketsphinx3_0.8.0+real5prealpha+1-15ubuntu5_amd64.deb ...
2026-10-08T06:35:59.4130416Z Unpacking libpocketsphinx3:amd64 (0.8.0+real5prealpha+1-15ubuntu5) ...
2026-10-08T06:35:59.4336445Z Selecting previously unselected package libpostproc57:amd64.
2026-10-08T06:35:59.4467483Z Preparing to unpack .../64-libpostproc57_7%3a6.1.1-3ubuntu5_amd64.deb ...
2026-10-08T06:35:59.4474360Z Unpacking libpostproc57:amd64 (7:6.1.1-3ubuntu5) ...
2026-10-08T06:35:59.4681619Z Selecting previously unselected package libsamplerate0:amd64.
2026-10-08T06:35:59.4813164Z Preparing to unpack .../65-libsamplerate0_0.2.2-4build1_amd64.deb ...
2026-10-08T06:35:59.4820813Z Unpacking libsamplerate0:amd64 (0.2.2-4build1) ...
2026-10-08T06:35:59.5067350Z Selecting previously unselected package librubberband2:amd64.
2026-10-08T06:35:59.5200290Z Preparing to unpack .../66-librubberband2_3.3.0+dfsg-2build1_amd64.deb ...
2026-10-08T06:35:59.5206846Z Unpacking librubberband2:amd64 (3.3.0+dfsg-2build1) ...
2026-10-08T06:35:59.5413144Z Selecting previously unselected package libswscale7:amd64.
2026-10-08T06:35:59.5544807Z Preparing to unpack .../67-libswscale7_7%3a6.1.1-3ubuntu5_amd64.deb ...
2026-10-08T06:35:59.5552912Z Unpacking libswscale7:amd64 (7:6.1.1-3ubuntu5) ...
2026-10-08T06:35:59.5789804Z Selecting previously unselected package libvidstab1.1:amd64.
2026-10-08T06:35:59.5921435Z Preparing to unpack .../68-libvidstab1.1_1.1.0-2build1_amd64.deb ...
2026-10-08T06:35:59.5933322Z Unpacking libvidstab1.1:amd64 (1.1.0-2build1) ...
2026-10-08T06:35:59.6137681Z Selecting previously unselected package libzimg2:amd64.
2026-10-08T06:35:59.6273489Z Preparing to unpack .../69-libzimg2_3.0.5+ds1-1build1_amd64.deb ...
2026-10-08T06:35:59.6281231Z Unpacking libzimg2:amd64 (3.0.5+ds1-1build1) ...
2026-10-08T06:35:59.6501849Z Selecting previously unselected package libavfilter9:amd64.
2026-10-08T06:35:59.6633340Z Preparing to unpack .../70-libavfilter9_7%3a6.1.1-3ubuntu5_amd64.deb ...
2026-10-08T06:35:59.6640225Z Unpacking libavfilter9:amd64 (7:6.1.1-3ubuntu5) ...
2026-10-08T06:35:59.7310371Z Selecting previously unselected package libcaca0:amd64.
2026-10-08T06:35:59.7443603Z Preparing to unpack .../71-libcaca0_0.99.beta20-4ubuntu0.2_amd64.deb ...
2026-10-08T06:35:59.7451399Z Unpacking libcaca0:amd64 (0.99.beta20-4ubuntu0.2) ...
2026-10-08T06:35:59.7689563Z Selecting previously unselected package libcdio19t64:amd64.
2026-10-08T06:35:59.7826144Z Preparing to unpack .../72-libcdio19t64_2.1.0-4.1ubuntu1.2_amd64.deb ...
2026-10-08T06:35:59.7858249Z Unpacking libcdio19t64:amd64 (2.1.0-4.1ubuntu1.2) ...
2026-10-08T06:35:59.8063777Z Selecting previously unselected package libcdio-cdda2t64:amd64.
2026-10-08T06:35:59.8191191Z Preparing to unpack .../73-libcdio-cdda2t64_10.2+2.0.1-1.1build2_amd64.deb ...
2026-10-08T06:35:59.8197944Z Unpacking libcdio-cdda2t64:amd64 (10.2+2.0.1-1.1build2) ...
2026-10-08T06:35:59.8400502Z Selecting previously unselected package libcdio-paranoia2t64:amd64.
2026-10-08T06:35:59.8527998Z Preparing to unpack .../74-libcdio-paranoia2t64_10.2+2.0.1-1.1build2_amd64.deb ...
2026-10-08T06:35:59.8535437Z Unpacking libcdio-paranoia2t64:amd64 (10.2+2.0.1-1.1build2) ...
2026-10-08T06:35:59.8735326Z Selecting previously unselected package libdc1394-25:amd64.
2026-10-08T06:35:59.8864644Z Preparing to unpack .../75-libdc1394-25_2.2.6-4build1_amd64.deb ...
2026-10-08T06:35:59.8905284Z Unpacking libdc1394-25:amd64 (2.2.6-4build1) ...
2026-10-08T06:35:59.9114503Z Selecting previously unselected package libiec61883-0:amd64.
2026-10-08T06:35:59.9242952Z Preparing to unpack .../76-libiec61883-0_1.2.0-6build1_amd64.deb ...
2026-10-08T06:35:59.9251010Z Unpacking libiec61883-0:amd64 (1.2.0-6build1) ...
2026-10-08T06:35:59.9446046Z Selecting previously unselected package libjack-jackd2-0:amd64.
2026-10-08T06:35:59.9573176Z Preparing to unpack .../77-libjack-jackd2-0_1.9.21~dfsg-3ubuntu3_amd64.deb ...
2026-10-08T06:35:59.9583540Z Unpacking libjack-jackd2-0:amd64 (1.9.21~dfsg-3ubuntu3) ...
2026-10-08T06:35:59.9825934Z Selecting previously unselected package libopenal-data.
2026-10-08T06:35:59.9981527Z Preparing to unpack .../78-libopenal-data_1%3a1.23.1-4build1_all.deb ...
2026-10-08T06:35:59.9988389Z Unpacking libopenal-data (1:1.23.1-4build1) ...
2026-10-08T06:36:00.0235589Z Selecting previously unselected package libsndio7.0:amd64.
2026-10-08T06:36:00.0367279Z Preparing to unpack .../79-libsndio7.0_1.9.0-0.3build3_amd64.deb ...
2026-10-08T06:36:00.0374733Z Unpacking libsndio7.0:amd64 (1.9.0-0.3build3) ...
2026-10-08T06:36:00.0578335Z Selecting previously unselected package libopenal1:amd64.
2026-10-08T06:36:00.0708128Z Preparing to unpack .../80-libopenal1_1%3a1.23.1-4build1_amd64.deb ...
2026-10-08T06:36:00.0715993Z Unpacking libopenal1:amd64 (1:1.23.1-4build1) ...
2026-10-08T06:36:00.0965450Z Selecting previously unselected package libdecor-0-0:amd64.
2026-10-08T06:36:00.1093676Z Preparing to unpack .../81-libdecor-0-0_0.2.2-1build2_amd64.deb ...
2026-10-08T06:36:00.1102517Z Unpacking libdecor-0-0:amd64 (0.2.2-1build2) ...
2026-10-08T06:36:00.1334463Z Selecting previously unselected package libsdl2-2.0-0:amd64.
2026-10-08T06:36:00.1460193Z Preparing to unpack .../82-libsdl2-2.0-0_2.30.0+dfsg-1ubuntu3.1_amd64.deb ...
2026-10-08T06:36:00.1467794Z Unpacking libsdl2-2.0-0:amd64 (2.30.0+dfsg-1ubuntu3.1) ...
2026-10-08T06:36:00.2084655Z Selecting previously unselected package libxcb-shape0:amd64.
2026-10-08T06:36:00.2212340Z Preparing to unpack .../83-libxcb-shape0_1.15-1ubuntu2_amd64.deb ...
2026-10-08T06:36:00.2220091Z Unpacking libxcb-shape0:amd64 (1.15-1ubuntu2) ...
2026-10-08T06:36:00.2432670Z Selecting previously unselected package libxv1:amd64.
2026-10-08T06:36:00.2560435Z Preparing to unpack .../84-libxv1_2%3a1.0.11-1.1build1_amd64.deb ...
2026-10-08T06:36:00.2567849Z Unpacking libxv1:amd64 (2:1.0.11-1.1build1) ...
2026-10-08T06:36:00.2758260Z Selecting previously unselected package libavdevice60:amd64.
2026-10-08T06:36:00.2885258Z Preparing to unpack .../85-libavdevice60_7%3a6.1.1-3ubuntu5_amd64.deb ...
2026-10-08T06:36:00.2892478Z Unpacking libavdevice60:amd64 (7:6.1.1-3ubuntu5) ...
2026-10-08T06:36:00.3085380Z Selecting previously unselected package ffmpeg.
2026-10-08T06:36:00.3211461Z Preparing to unpack .../86-ffmpeg_7%3a6.1.1-3ubuntu5_amd64.deb ...
2026-10-08T06:36:00.3217317Z Unpacking ffmpeg (7:6.1.1-3ubuntu5) ...
2026-10-08T06:36:00.3845566Z Setting up libgme0:amd64 (0.6.3-7build1) ...
2026-10-08T06:36:00.3867993Z Setting up libchromaprint1:amd64 (1.5.1-5) ...
2026-10-08T06:36:00.3886797Z Setting up libssh-gcrypt-4:amd64 (0.10.6-2ubuntu0.5) ...
2026-10-08T06:36:00.3902906Z Setting up libhwy1t64:amd64 (1.0.7-8.1build1) ...
2026-10-08T06:36:00.3921279Z Setting up libudfread0:amd64 (1.1.2-1build1) ...
2026-10-08T06:36:00.3937520Z Setting up libraw1394-11:amd64 (2.1.2-2build3) ...
2026-10-08T06:36:00.3958343Z Setting up libspeex1:amd64 (1.2.1-2ubuntu2.24.04.1) ...
2026-10-08T06:36:00.3973649Z Setting up libshine3:amd64 (3.1.1-2build1) ...
2026-10-08T06:36:00.3995653Z Setting up libcaca0:amd64 (0.99.beta20-4ubuntu0.2) ...
2026-10-08T06:36:00.4018105Z Setting up libvpl2 (2023.3.0-1build1) ...
2026-10-08T06:36:00.4035407Z Setting up libx264-164:amd64 (2:0.164.3108+git31e19f9-1) ...
2026-10-08T06:36:00.4054776Z Setting up libtwolame0:amd64 (0.4.0-2build3) ...
2026-10-08T06:36:00.4077034Z Setting up libmbedcrypto7t64:amd64 (2.28.8-1) ...
2026-10-08T06:36:00.4094137Z Setting up libgsm1:amd64 (1.0.22-1build1) ...
2026-10-08T06:36:00.4111258Z Setting up libsoxr0:amd64 (0.1.3-4build3) ...
2026-10-08T06:36:00.4131325Z Setting up libzix-0-0:amd64 (0.4.2-2build1) ...
2026-10-08T06:36:00.4150780Z Setting up libcodec2-1.2:amd64 (1.2.0-2build1) ...
2026-10-08T06:36:00.4170345Z Setting up libmysofa1:amd64 (1.3.2+dfsg-2ubuntu2) ...
2026-10-08T06:36:00.4187983Z Setting up libxcb-shape0:amd64 (1.15-1ubuntu2) ...
2026-10-08T06:36:00.4206048Z Setting up libcdio19t64:amd64 (2.1.0-4.1ubuntu1.2) ...
2026-10-08T06:36:00.4226874Z Setting up libsvtav1enc1d1:amd64 (1.7.0+dfsg-2build1) ...
2026-10-08T06:36:00.4245543Z Setting up libmpg123-0t64:amd64 (1.32.5-1ubuntu1.1) ...
2026-10-08T06:36:00.4264061Z Setting up libcjson1:amd64 (1.7.17-1) ...
2026-10-08T06:36:00.4281110Z Setting up libxvidcore4:amd64 (2:1.3.7-1build1) ...
2026-10-08T06:36:00.4306098Z Setting up librav1e0:amd64 (0.7.1-2) ...
2026-10-08T06:36:00.4331397Z Setting up libcdio-cdda2t64:amd64 (10.2+2.0.1-1.1build2) ...
2026-10-08T06:36:00.4349556Z Setting up librist4:amd64 (0.2.10+dfsg-2) ...
2026-10-08T06:36:00.4367957Z Setting up librsvg2-2:amd64 (2.58.0+dfsg-1ubuntu0.1) ...
2026-10-08T06:36:00.4385805Z Setting up libblas3:amd64 (3.12.0-3build1.1) ...
2026-10-08T06:36:00.4446348Z update-alternatives: using /usr/lib/x86_64-linux-gnu/blas/libblas.so.3 to provide /usr/lib/x86_64-linux-gnu/libblas.so.3 (libblas.so.3-x86_64-linux-gnu) in auto mode
2026-10-08T06:36:00.4505007Z Setting up libplacebo338:amd64 (6.338.2-2build1) ...
2026-10-08T06:36:00.4524262Z Setting up libva2:amd64 (2.20.0-2ubuntu0.2) ...
2026-10-08T06:36:00.4543507Z Setting up libopus0:amd64 (1.4-1build1) ...
2026-10-08T06:36:00.4563447Z Setting up libcdio-paranoia2t64:amd64 (10.2+2.0.1-1.1build2) ...
2026-10-08T06:36:00.4583890Z Setting up libdc1394-25:amd64 (2.2.6-4build1) ...
2026-10-08T06:36:00.4603519Z Setting up libxv1:amd64 (2:1.0.11-1.1build1) ...
2026-10-08T06:36:00.4625364Z Setting up libunibreak5:amd64 (5.1-2build1) ...
2026-10-08T06:36:00.4643895Z Setting up libjxl0.7:amd64 (0.7.0-10.2ubuntu6.1) ...
2026-10-08T06:36:00.4663036Z Setting up libx265-199:amd64 (3.5-2build1) ...
2026-10-08T06:36:00.4680668Z Setting up libsndio7.0:amd64 (1.9.0-0.3build3) ...
2026-10-08T06:36:00.4698503Z Setting up libvidstab1.1:amd64 (1.1.0-2build1) ...
2026-10-08T06:36:00.4716860Z Setting up libvpx9:amd64 (1.14.0-1ubuntu2.3) ...
2026-10-08T06:36:00.4733505Z Setting up libsrt1.5-gnutls:amd64 (1.5.3-1build2) ...
2026-10-08T06:36:00.4750896Z Setting up libflite1:amd64 (2.2-6build3) ...
2026-10-08T06:36:00.4773477Z Setting up libdav1d7:amd64 (1.4.1-1build1) ...
2026-10-08T06:36:00.4790978Z Setting up libva-drm2:amd64 (2.20.0-2ubuntu0.2) ...
2026-10-08T06:36:00.4810533Z Setting up ocl-icd-libopencl1:amd64 (2.3.2-1build1) ...
2026-10-08T06:36:00.4827374Z Setting up libasyncns0:amd64 (0.8-6build4) ...
2026-10-08T06:36:00.4845741Z Setting up libvdpau1:amd64 (1.5-2build1) ...
2026-10-08T06:36:00.4872809Z Setting up libbs2b0:amd64 (3.1.0+dfsg-7build1) ...
2026-10-08T06:36:00.4892039Z Setting up libtheora0:amd64 (1.1.1+dfsg.1-16.1build3) ...
2026-10-08T06:36:00.4912103Z Setting up libdecor-0-0:amd64 (0.2.2-1build2) ...
2026-10-08T06:36:00.4934156Z Setting up libzimg2:amd64 (3.0.5+ds1-1build1) ...
2026-10-08T06:36:00.4954691Z Setting up libopenal-data (1:1.23.1-4build1) ...
2026-10-08T06:36:00.4980993Z Setting up libflac12t64:amd64 (1.4.3+ds-2.1ubuntu2) ...
2026-10-08T06:36:00.4999494Z Setting up libbluray2:amd64 (1:1.3.4-1build1) ...
2026-10-08T06:36:00.5020839Z Setting up libsamplerate0:amd64 (0.2.2-4build1) ...
2026-10-08T06:36:00.5039144Z Setting up libva-x11-2:amd64 (2.20.0-2ubuntu0.2) ...
2026-10-08T06:36:00.5057168Z Setting up libopenmpt0t64:amd64 (0.7.3-1.1build3) ...
2026-10-08T06:36:00.5075728Z Setting up libzvbi-common (0.2.42-2) ...
2026-10-08T06:36:00.5096638Z Setting up libmp3lame0:amd64 (3.100-6build1) ...
2026-10-08T06:36:00.5116982Z Setting up libvorbisenc2:amd64 (1.3.7-1build3) ...
2026-10-08T06:36:00.5137886Z Setting up libiec61883-0:amd64 (1.2.0-6build1) ...
2026-10-08T06:36:00.5156045Z Setting up libserd-0-0:amd64 (0.32.2-1) ...
2026-10-08T06:36:00.5176262Z Setting up libavc1394-0:amd64 (0.5.4-5build3) ...
2026-10-08T06:36:00.5194178Z Setting up liblapack3:amd64 (3.12.0-3build1.1) ...
2026-10-08T06:36:00.5255849Z update-alternatives: using /usr/lib/x86_64-linux-gnu/lapack/liblapack.so.3 to provide /usr/lib/x86_64-linux-gnu/liblapack.so.3 (liblapack.so.3-x86_64-linux-gnu) in auto mode
2026-10-08T06:36:00.5273190Z Setting up libzvbi0t64:amd64 (0.2.42-2) ...
2026-10-08T06:36:00.5292373Z Setting up libavutil58:amd64 (7:6.1.1-3ubuntu5) ...
2026-10-08T06:36:00.5310376Z Setting up libopenal1:amd64 (1:1.23.1-4build1) ...
2026-10-08T06:36:00.5332970Z Setting up libass9:amd64 (1:0.17.1-2build1) ...
2026-10-08T06:36:00.5352380Z Setting up libswresample4:amd64 (7:6.1.1-3ubuntu5) ...
2026-10-08T06:36:00.5380964Z Setting up libavcodec60:amd64 (7:6.1.1-3ubuntu5) ...
2026-10-08T06:36:00.5402331Z Setting up librubberband2:amd64 (3.3.0+dfsg-2build1) ...
2026-10-08T06:36:00.5420654Z Setting up libjack-jackd2-0:amd64 (1.9.21~dfsg-3ubuntu3) ...
2026-10-08T06:36:00.5439806Z Setting up libsord-0-0:amd64 (0.16.16-2build1) ...
2026-10-08T06:36:00.5459880Z Setting up libpostproc57:amd64 (7:6.1.1-3ubuntu5) ...
2026-10-08T06:36:00.5477385Z Setting up libsratom-0-0:amd64 (0.6.16-1build1) ...
2026-10-08T06:36:00.5497720Z Setting up libsndfile1:amd64 (1.2.2-1ubuntu5.24.04.1) ...
2026-10-08T06:36:00.5515701Z Setting up liblilv-0-0:amd64 (0.24.22-1build1) ...
2026-10-08T06:36:00.5536275Z Setting up libswscale7:amd64 (7:6.1.1-3ubuntu5) ...
2026-10-08T06:36:00.5582186Z Setting up libpulse0:amd64 (1:16.1+dfsg1-2ubuntu10.1) ...
2026-10-08T06:36:00.5663046Z Setting up libavformat60:amd64 (7:6.1.1-3ubuntu5) ...
2026-10-08T06:36:00.5681427Z Setting up libsphinxbase3t64:amd64 (0.8+5prealpha+1-17build2) ...
2026-10-08T06:36:00.5700222Z Setting up libsdl2-2.0-0:amd64 (2.30.0+dfsg-1ubuntu3.1) ...
2026-10-08T06:36:00.5953922Z Setting up libpocketsphinx3:amd64 (0.8.0+real5prealpha+1-15ubuntu5) ...
2026-10-08T06:36:00.6060946Z Setting up libavfilter9:amd64 (7:6.1.1-3ubuntu5) ...
2026-10-08T06:36:00.6199794Z Setting up libavdevice60:amd64 (7:6.1.1-3ubuntu5) ...
2026-10-08T06:36:00.6324345Z Setting up ffmpeg (7:6.1.1-3ubuntu5) ...
2026-10-08T06:36:00.6535549Z Processing triggers for man-db (2.12.0-4build2) ...
2026-10-08T06:36:00.6559880Z Not building database; man-db/auto-update is not 'true'.
2026-10-08T06:36:00.6573452Z Processing triggers for libc-bin (2.39-0ubuntu8.9) ...
2026-10-08T06:36:01.3642456Z 
2026-10-08T06:36:01.3643179Z Running kernel seems to be up-to-date.
2026-10-08T06:36:01.3643633Z 
2026-10-08T06:36:01.3643820Z No services need to be restarted.
2026-10-08T06:36:01.3644137Z 
2026-10-08T06:36:01.3644318Z No containers need to be restarted.
2026-10-08T06:36:01.3644633Z 
2026-10-08T06:36:01.3644847Z No user sessions are running outdated binaries.
2026-10-08T06:36:01.3645235Z 
2026-10-08T06:36:01.3645574Z No VM guests are running outdated hypervisor (qemu) binaries on this host.
2026-10-08T06:36:02.8763998Z Looking in indexes: https://download.pytorch.org/whl/cpu
2026-10-08T06:36:03.1320952Z Collecting torch==2.8.0
2026-10-08T06:36:03.2035322Z   Using cached torch-2.8.0%2Bcpu-cp311-cp311-manylinux_2_28_x86_64.whl.metadata (29 kB)
2026-10-08T06:36:03.2865309Z Collecting torchvision==0.23.0
2026-10-08T06:36:03.2981827Z   Using cached torchvision-0.23.0%2Bcpu-cp311-cp311-manylinux_2_28_x86_64.whl.metadata (6.1 kB)
2026-10-08T06:36:03.3211683Z Collecting filelock (from torch==2.8.0)
2026-10-08T06:36:03.3226825Z   Using cached filelock-3.32.3-py3-none-any.whl.metadata (2.0 kB)
2026-10-08T06:36:03.3379997Z Collecting typing-extensions>=4.10.0 (from torch==2.8.0)
2026-10-08T06:36:03.3395775Z   Using cached typing_extensions-4.16.0-py3-none-any.whl.metadata (3.3 kB)
2026-10-08T06:36:03.3541180Z Collecting sympy>=1.13.3 (from torch==2.8.0)
2026-10-08T06:36:03.3556148Z   Using cached sympy-1.14.0-py3-none-any.whl.metadata (12 kB)
2026-10-08T06:36:03.3783858Z Collecting networkx (from torch==2.8.0)
2026-10-08T06:36:03.3798643Z   Using cached networkx-3.6.1-py3-none-any.whl.metadata (6.8 kB)
2026-10-08T06:36:03.3915911Z Collecting jinja2 (from torch==2.8.0)
2026-10-08T06:36:03.3970910Z   Using cached jinja2-3.1.6-py3-none-any.whl.metadata (2.9 kB)
2026-10-08T06:36:03.4175399Z Collecting fsspec (from torch==2.8.0)
2026-10-08T06:36:03.4190408Z   Using cached fsspec-2026.7.0-py3-none-any.whl.metadata (10 kB)
2026-10-08T06:36:03.6795586Z Collecting numpy (from torchvision==0.23.0)
2026-10-08T06:36:03.6815142Z   Using cached numpy-2.4.6-cp311-cp311-manylinux_2_27_x86_64.manylinux_2_28_x86_64.whl.metadata (6.6 kB)
2026-10-08T06:36:03.8870446Z Collecting pillow!=8.3.*,>=5.3.0 (from torchvision==0.23.0)
2026-10-08T06:36:03.8888419Z   Using cached pillow-12.3.0-cp311-cp311-manylinux_2_27_x86_64.manylinux_2_28_x86_64.whl.metadata (9.1 kB)
2026-10-08T06:36:03.9043160Z Collecting mpmath<1.4,>=1.1.0 (from sympy>=1.13.3->torch==2.8.0)
2026-10-08T06:36:03.9058431Z   Using cached mpmath-1.3.0-py3-none-any.whl.metadata (8.6 kB)
2026-10-08T06:36:03.9261779Z Collecting MarkupSafe>=2.0 (from jinja2->torch==2.8.0)
2026-10-08T06:36:03.9316689Z   Using cached markupsafe-3.0.3-cp311-cp311-manylinux2014_x86_64.manylinux_2_17_x86_64.manylinux_2_28_x86_64.whl.metadata (2.7 kB)
2026-10-08T06:36:03.9455440Z Using cached torch-2.8.0%2Bcpu-cp311-cp311-manylinux_2_28_x86_64.whl (184.1 MB)
2026-10-08T06:36:04.0209180Z Using cached torchvision-0.23.0%2Bcpu-cp311-cp311-manylinux_2_28_x86_64.whl (1.9 MB)
2026-10-08T06:36:04.0232364Z Using cached pillow-12.3.0-cp311-cp311-manylinux_2_27_x86_64.manylinux_2_28_x86_64.whl (6.9 MB)
2026-10-08T06:36:04.0272177Z Using cached sympy-1.14.0-py3-none-any.whl (6.3 MB)
2026-10-08T06:36:04.0310210Z Using cached mpmath-1.3.0-py3-none-any.whl (536 kB)
2026-10-08T06:36:04.0326819Z Using cached typing_extensions-4.16.0-py3-none-any.whl (45 kB)
2026-10-08T06:36:04.0344341Z Using cached filelock-3.32.3-py3-none-any.whl (98 kB)
2026-10-08T06:36:04.0367403Z Using cached fsspec-2026.7.0-py3-none-any.whl (206 kB)
2026-10-08T06:36:04.0423286Z Using cached jinja2-3.1.6-py3-none-any.whl (134 kB)
2026-10-08T06:36:04.0478802Z Using cached markupsafe-3.0.3-cp311-cp311-manylinux2014_x86_64.manylinux_2_17_x86_64.manylinux_2_28_x86_64.whl (22 kB)
2026-10-08T06:36:04.0492886Z Using cached networkx-3.6.1-py3-none-any.whl (2.1 MB)
2026-10-08T06:36:04.0514945Z Using cached numpy-2.4.6-cp311-cp311-manylinux_2_27_x86_64.manylinux_2_28_x86_64.whl (16.9 MB)
2026-10-08T06:36:04.4653747Z Installing collected packages: mpmath, typing-extensions, sympy, pillow, numpy, networkx, MarkupSafe, fsspec, filelock, jinja2, torch, torchvision
2026-10-08T06:36:22.9969746Z 
2026-10-08T06:36:22.9976479Z ERROR: pip's dependency resolver does not currently take into account all the packages that are installed. This behaviour is the source of the following dependency conflicts.
2026-10-08T06:36:22.9978222Z mindle-media-ai 0.1.0 requires opencv-python-headless>=5.0, which is not installed.
2026-10-08T06:36:22.9986881Z Successfully installed MarkupSafe-3.0.3 filelock-3.32.3 fsspec-2026.7.0 jinja2-3.1.6 mpmath-1.3.0 networkx-3.6.1 numpy-2.4.6 pillow-12.3.0 sympy-1.14.0 torch-2.8.0+cpu torchvision-0.23.0+cpu typing-extensions-4.16.0
2026-10-08T06:36:23.4587388Z Collecting transformers==4.57.3
2026-10-08T06:36:23.4604911Z   Using cached transformers-4.57.3-py3-none-any.whl.metadata (43 kB)
2026-10-08T06:36:23.6025759Z Collecting huggingface_hub==0.36.0
2026-10-08T06:36:23.6042218Z   Using cached huggingface_hub-0.36.0-py3-none-any.whl.metadata (14 kB)
2026-10-08T06:36:23.7181645Z Collecting safetensors==0.6.2
2026-10-08T06:36:23.7199785Z   Using cached safetensors-0.6.2-cp38-abi3-manylinux_2_17_x86_64.manylinux2014_x86_64.whl.metadata (4.1 kB)
2026-10-08T06:36:23.7679081Z Collecting opencv-python-headless==4.12.0.88
2026-10-08T06:36:23.7696566Z   Using cached opencv_python_headless-4.12.0.88-cp37-abi3-manylinux2014_x86_64.manylinux_2_17_x86_64.whl.metadata (19 kB)
2026-10-08T06:36:23.8269596Z Collecting onnxruntime==1.30.0
2026-10-08T06:36:23.8285854Z   Using cached onnxruntime-1.30.0-cp311-cp311-manylinux_2_28_x86_64.whl.metadata (5.7 kB)
2026-10-08T06:36:24.0181178Z Collecting numpy==2.2.6
2026-10-08T06:36:24.0198181Z   Using cached numpy-2.2.6-cp311-cp311-manylinux_2_17_x86_64.manylinux2014_x86_64.whl.metadata (62 kB)
2026-10-08T06:36:24.1721612Z Collecting Pillow==11.3.0
2026-10-08T06:36:24.1739148Z   Using cached pillow-11.3.0-cp311-cp311-manylinux_2_27_x86_64.manylinux_2_28_x86_64.whl.metadata (9.0 kB)
2026-10-08T06:36:24.2464446Z Collecting pyarrow==21.0.0
2026-10-08T06:36:24.2481599Z   Using cached pyarrow-21.0.0-cp311-cp311-manylinux_2_28_x86_64.whl.metadata (3.3 kB)
2026-10-08T06:36:24.2605633Z Collecting soundfile==0.13.1
2026-10-08T06:36:24.2620853Z   Using cached soundfile-0.13.1-py2.py3-none-manylinux_2_28_x86_64.whl.metadata (16 kB)
2026-10-08T06:36:24.2729938Z Collecting jiwer==4.0.0
2026-10-08T06:36:24.2744309Z   Using cached jiwer-4.0.0-py3-none-any.whl.metadata (3.3 kB)
2026-10-08T06:36:24.2906485Z Collecting requests==2.32.5
2026-10-08T06:36:24.2927249Z   Using cached requests-2.32.5-py3-none-any.whl.metadata (4.9 kB)
2026-10-08T06:36:24.3126853Z Collecting selenium==4.35.0
2026-10-08T06:36:24.3141856Z   Using cached selenium-4.35.0-py3-none-any.whl.metadata (7.4 kB)
2026-10-08T06:36:24.3604213Z Collecting openvino==2025.3.0
2026-10-08T06:36:24.3619773Z   Using cached openvino-2025.3.0-19807-cp311-cp311-manylinux2014_x86_64.whl.metadata (12 kB)
2026-10-08T06:36:24.3643575Z Requirement already satisfied: filelock in /opt/hostedtoolcache/Python/3.11.17/x64/lib/python3.11/site-packages (from transformers==4.57.3) (3.32.3)
2026-10-08T06:36:24.3778934Z Collecting packaging>=20.0 (from transformers==4.57.3)
2026-10-08T06:36:24.3793758Z   Using cached packaging-26.3-py3-none-any.whl.metadata (3.5 kB)
2026-10-08T06:36:24.4096999Z Collecting pyyaml>=5.1 (from transformers==4.57.3)
2026-10-08T06:36:24.4113051Z   Using cached pyyaml-6.0.3-cp311-cp311-manylinux2014_x86_64.manylinux_2_17_x86_64.manylinux_2_28_x86_64.whl.metadata (2.4 kB)
2026-10-08T06:36:24.7654096Z Collecting regex!=2019.12.17 (from transformers==4.57.3)
2026-10-08T06:36:24.7672062Z   Using cached regex-2026.9.29-cp311-cp311-manylinux2014_x86_64.manylinux_2_17_x86_64.manylinux_2_28_x86_64.whl.metadata (40 kB)
2026-10-08T06:36:24.9105270Z Collecting tokenizers<=0.23.0,>=0.22.0 (from transformers==4.57.3)
2026-10-08T06:36:24.9123046Z   Using cached tokenizers-0.22.2-cp39-abi3-manylinux_2_17_x86_64.manylinux2014_x86_64.whl.metadata (7.3 kB)
2026-10-08T06:36:24.9379578Z Collecting tqdm>=4.27 (from transformers==4.57.3)
2026-10-08T06:36:24.9396696Z   Using cached tqdm-4.70.1-py3-none-any.whl.metadata (57 kB)
2026-10-08T06:36:24.9475300Z Requirement already satisfied: fsspec>=2023.5.0 in /opt/hostedtoolcache/Python/3.11.17/x64/lib/python3.11/site-packages (from huggingface_hub==0.36.0) (2026.7.0)
2026-10-08T06:36:24.9527621Z Requirement already satisfied: typing-extensions>=3.7.4.3 in /opt/hostedtoolcache/Python/3.11.17/x64/lib/python3.11/site-packages (from huggingface_hub==0.36.0) (4.16.0)
2026-10-08T06:36:24.9878901Z Collecting hf-xet<2.0.0,>=1.1.3 (from huggingface_hub==0.36.0)
2026-10-08T06:36:24.9895151Z   Using cached hf_xet-1.7.0-cp38-abi3-manylinux2014_x86_64.manylinux_2_17_x86_64.whl.metadata (4.9 kB)
2026-10-08T06:36:25.0029900Z Collecting flatbuffers (from onnxruntime==1.30.0)
2026-10-08T06:36:25.0044371Z   Using cached flatbuffers-25.12.19-py2.py3-none-any.whl.metadata (1.0 kB)
2026-10-08T06:36:25.1330244Z Collecting protobuf>=4.25.8 (from onnxruntime==1.30.0)
2026-10-08T06:36:25.1348372Z   Using cached protobuf-7.36.2-cp310-abi3-manylinux2014_x86_64.whl.metadata (595 bytes)
2026-10-08T06:36:25.2277725Z Collecting cffi>=1.0 (from soundfile==0.13.1)
2026-10-08T06:36:25.2294962Z   Using cached cffi-2.1.1-cp311-cp311-manylinux2014_x86_64.manylinux_2_17_x86_64.whl.metadata (2.5 kB)
2026-10-08T06:36:25.2436096Z Collecting click>=8.1.8 (from jiwer==4.0.0)
2026-10-08T06:36:25.2451120Z   Using cached click-8.5.0-py3-none-any.whl.metadata (2.6 kB)
2026-10-08T06:36:25.7194589Z Collecting rapidfuzz>=3.9.7 (from jiwer==4.0.0)
2026-10-08T06:36:25.7211576Z   Using cached rapidfuzz-3.14.6-cp311-cp311-manylinux_2_27_x86_64.manylinux_2_28_x86_64.whl.metadata (12 kB)
2026-10-08T06:36:25.8272511Z Collecting charset_normalizer<4,>=2 (from requests==2.32.5)
2026-10-08T06:36:25.8289599Z   Using cached charset_normalizer-3.5.2-cp311-cp311-manylinux2014_x86_64.manylinux_2_17_x86_64.manylinux_2_28_x86_64.whl.metadata (46 kB)
2026-10-08T06:36:25.8427474Z Collecting idna<4,>=2.5 (from requests==2.32.5)
2026-10-08T06:36:25.8442548Z   Using cached idna-3.20-py3-none-any.whl.metadata (7.2 kB)
2026-10-08T06:36:25.8626471Z Collecting urllib3<3,>=1.21.1 (from requests==2.32.5)
2026-10-08T06:36:25.8641207Z   Using cached urllib3-2.8.0-py3-none-any.whl.metadata (7.4 kB)
2026-10-08T06:36:25.8794964Z Collecting certifi>=2017.4.17 (from requests==2.32.5)
2026-10-08T06:36:25.8809551Z   Using cached certifi-2026.7.22-py3-none-any.whl.metadata (2.5 kB)
2026-10-08T06:36:25.8953809Z Collecting trio~=0.30.0 (from selenium==4.35.0)
2026-10-08T06:36:25.8969077Z   Using cached trio-0.30.0-py3-none-any.whl.metadata (8.5 kB)
2026-10-08T06:36:25.9071740Z Collecting trio-websocket~=0.12.2 (from selenium==4.35.0)
2026-10-08T06:36:25.9085926Z   Using cached trio_websocket-0.12.2-py3-none-any.whl.metadata (5.1 kB)
2026-10-08T06:36:25.9225916Z Collecting typing-extensions>=3.7.4.3 (from huggingface_hub==0.36.0)
2026-10-08T06:36:25.9240736Z   Using cached typing_extensions-4.14.1-py3-none-any.whl.metadata (3.0 kB)
2026-10-08T06:36:25.9369178Z Collecting websocket-client~=1.8.0 (from selenium==4.35.0)
2026-10-08T06:36:25.9384020Z   Using cached websocket_client-1.8.0-py3-none-any.whl.metadata (8.0 kB)
2026-10-08T06:36:25.9487480Z Collecting openvino-telemetry>=2023.2.1 (from openvino==2025.3.0)
2026-10-08T06:36:25.9502169Z   Using cached openvino_telemetry-2025.2.0-py3-none-any.whl.metadata (2.3 kB)
2026-10-08T06:36:25.9648587Z Collecting attrs>=23.2.0 (from trio~=0.30.0->selenium==4.35.0)
2026-10-08T06:36:25.9663415Z   Using cached attrs-26.1.0-py3-none-any.whl.metadata (8.8 kB)
2026-10-08T06:36:25.9769593Z Collecting sortedcontainers (from trio~=0.30.0->selenium==4.35.0)
2026-10-08T06:36:25.9784515Z   Using cached sortedcontainers-2.4.0-py2.py3-none-any.whl.metadata (10 kB)
2026-10-08T06:36:25.9866165Z Collecting outcome (from trio~=0.30.0->selenium==4.35.0)
2026-10-08T06:36:25.9880583Z   Using cached outcome-1.3.0.post0-py2.py3-none-any.whl.metadata (2.6 kB)
2026-10-08T06:36:25.9959166Z Collecting sniffio>=1.3.0 (from trio~=0.30.0->selenium==4.35.0)
2026-10-08T06:36:25.9973562Z   Using cached sniffio-1.3.1-py3-none-any.whl.metadata (3.9 kB)
2026-10-08T06:36:26.0081302Z Collecting wsproto>=0.14 (from trio-websocket~=0.12.2->selenium==4.35.0)
2026-10-08T06:36:26.0095451Z   Using cached wsproto-1.3.2-py3-none-any.whl.metadata (5.2 kB)
2026-10-08T06:36:26.0198133Z Collecting pysocks!=1.5.7,<2.0,>=1.5.6 (from urllib3[socks]<3.0,>=2.5.0->selenium==4.35.0)
2026-10-08T06:36:26.0212862Z   Using cached PySocks-1.7.1-py3-none-any.whl.metadata (13 kB)
2026-10-08T06:36:26.0320248Z Collecting pycparser (from cffi>=1.0->soundfile==0.13.1)
2026-10-08T06:36:26.0334686Z   Using cached pycparser-3.0-py3-none-any.whl.metadata (8.2 kB)
2026-10-08T06:36:26.0527371Z Collecting h11<1,>=0.16.0 (from wsproto>=0.14->trio-websocket~=0.12.2->selenium==4.35.0)
2026-10-08T06:36:26.0542098Z   Using cached h11-0.16.0-py3-none-any.whl.metadata (8.3 kB)
2026-10-08T06:36:26.0597034Z Using cached transformers-4.57.3-py3-none-any.whl (12.0 MB)
2026-10-08T06:36:26.0660002Z Using cached huggingface_hub-0.36.0-py3-none-any.whl (566 kB)
2026-10-08T06:36:26.0676881Z Using cached safetensors-0.6.2-cp38-abi3-manylinux_2_17_x86_64.manylinux2014_x86_64.whl (485 kB)
2026-10-08T06:36:26.0692851Z Using cached opencv_python_headless-4.12.0.88-cp37-abi3-manylinux2014_x86_64.manylinux_2_17_x86_64.whl (54.0 MB)
2026-10-08T06:36:26.0897596Z Using cached numpy-2.2.6-cp311-cp311-manylinux_2_17_x86_64.manylinux2014_x86_64.whl (16.8 MB)
2026-10-08T06:36:26.0972467Z Using cached onnxruntime-1.30.0-cp311-cp311-manylinux_2_28_x86_64.whl (23.6 MB)
2026-10-08T06:36:26.1070693Z Using cached pillow-11.3.0-cp311-cp311-manylinux_2_27_x86_64.manylinux_2_28_x86_64.whl (6.6 MB)
2026-10-08T06:36:26.1109443Z Using cached pyarrow-21.0.0-cp311-cp311-manylinux_2_28_x86_64.whl (42.8 MB)
2026-10-08T06:36:26.1272970Z Using cached soundfile-0.13.1-py2.py3-none-manylinux_2_28_x86_64.whl (1.3 MB)
2026-10-08T06:36:26.1292733Z Using cached jiwer-4.0.0-py3-none-any.whl (23 kB)
2026-10-08T06:36:26.1307242Z Using cached requests-2.32.5-py3-none-any.whl (64 kB)
2026-10-08T06:36:26.1322084Z Using cached selenium-4.35.0-py3-none-any.whl (9.6 MB)
2026-10-08T06:36:26.1370292Z Using cached openvino-2025.3.0-19807-cp311-cp311-manylinux2014_x86_64.whl (49.0 MB)
2026-10-08T06:36:26.1556582Z Using cached charset_normalizer-3.5.2-cp311-cp311-manylinux2014_x86_64.manylinux_2_17_x86_64.manylinux_2_28_x86_64.whl (269 kB)
2026-10-08T06:36:26.1571804Z Using cached hf_xet-1.7.0-cp38-abi3-manylinux2014_x86_64.manylinux_2_17_x86_64.whl (4.2 MB)
2026-10-08T06:36:26.1600995Z Using cached idna-3.20-py3-none-any.whl (69 kB)
2026-10-08T06:36:26.1615913Z Using cached tokenizers-0.22.2-cp39-abi3-manylinux_2_17_x86_64.manylinux2014_x86_64.whl (3.3 MB)
2026-10-08T06:36:26.1642250Z Using cached trio-0.30.0-py3-none-any.whl (499 kB)
2026-10-08T06:36:26.1658053Z Using cached trio_websocket-0.12.2-py3-none-any.whl (21 kB)
2026-10-08T06:36:26.1672941Z Using cached typing_extensions-4.14.1-py3-none-any.whl (43 kB)
2026-10-08T06:36:26.1686756Z Using cached urllib3-2.8.0-py3-none-any.whl (135 kB)
2026-10-08T06:36:26.1701376Z Using cached PySocks-1.7.1-py3-none-any.whl (16 kB)
2026-10-08T06:36:26.1715554Z Using cached websocket_client-1.8.0-py3-none-any.whl (58 kB)
2026-10-08T06:36:26.1729787Z Using cached attrs-26.1.0-py3-none-any.whl (67 kB)
2026-10-08T06:36:26.1744829Z Using cached certifi-2026.7.22-py3-none-any.whl (136 kB)
2026-10-08T06:36:26.1759540Z Using cached cffi-2.1.1-cp311-cp311-manylinux2014_x86_64.manylinux_2_17_x86_64.whl (217 kB)
2026-10-08T06:36:26.1774054Z Using cached click-8.5.0-py3-none-any.whl (125 kB)
2026-10-08T06:36:26.1788582Z Using cached openvino_telemetry-2025.2.0-py3-none-any.whl (25 kB)
2026-10-08T06:36:26.1803613Z Using cached outcome-1.3.0.post0-py2.py3-none-any.whl (10 kB)
2026-10-08T06:36:26.1817164Z Using cached packaging-26.3-py3-none-any.whl (129 kB)
2026-10-08T06:36:26.1831841Z Using cached protobuf-7.36.2-cp310-abi3-manylinux2014_x86_64.whl (343 kB)
2026-10-08T06:36:26.1847868Z Using cached pyyaml-6.0.3-cp311-cp311-manylinux2014_x86_64.manylinux_2_17_x86_64.manylinux_2_28_x86_64.whl (806 kB)
2026-10-08T06:36:26.1865163Z Using cached rapidfuzz-3.14.6-cp311-cp311-manylinux_2_27_x86_64.manylinux_2_28_x86_64.whl (3.2 MB)
2026-10-08T06:36:26.1890691Z Using cached regex-2026.9.29-cp311-cp311-manylinux2014_x86_64.manylinux_2_17_x86_64.manylinux_2_28_x86_64.whl (804 kB)
2026-10-08T06:36:26.1906744Z Using cached sniffio-1.3.1-py3-none-any.whl (10 kB)
2026-10-08T06:36:26.1920848Z Using cached tqdm-4.70.1-py3-none-any.whl (80 kB)
2026-10-08T06:36:26.1935030Z Using cached wsproto-1.3.2-py3-none-any.whl (24 kB)
2026-10-08T06:36:26.1949336Z Using cached h11-0.16.0-py3-none-any.whl (37 kB)
2026-10-08T06:36:26.1964228Z Using cached flatbuffers-25.12.19-py2.py3-none-any.whl (26 kB)
2026-10-08T06:36:26.1978404Z Using cached pycparser-3.0-py3-none-any.whl (48 kB)
2026-10-08T06:36:26.1993395Z Using cached sortedcontainers-2.4.0-py2.py3-none-any.whl (29 kB)
2026-10-08T06:36:26.5988421Z Installing collected packages: sortedcontainers, openvino-telemetry, flatbuffers, websocket-client, urllib3, typing-extensions, tqdm, sniffio, safetensors, regex, rapidfuzz, pyyaml, pysocks, pycparser, pyarrow, protobuf, Pillow, packaging, numpy, idna, hf-xet, h11, click, charset_normalizer, certifi, attrs, wsproto, requests, outcome, openvino, opencv-python-headless, onnxruntime, jiwer, cffi, trio, soundfile, huggingface_hub, trio-websocket, tokenizers, transformers, selenium
2026-10-08T06:36:26.7673503Z   Attempting uninstall: typing-extensions
2026-10-08T06:36:26.7689157Z     Found existing installation: typing_extensions 4.16.0
2026-10-08T06:36:26.7703759Z     Uninstalling typing_extensions-4.16.0:
2026-10-08T06:36:27.0509641Z       Successfully uninstalled typing_extensions-4.16.0
2026-10-08T06:36:28.5535830Z   Attempting uninstall: Pillow
2026-10-08T06:36:28.5552110Z     Found existing installation: pillow 12.3.0
2026-10-08T06:36:28.5631455Z     Uninstalling pillow-12.3.0:
2026-10-08T06:36:28.5647220Z       Successfully uninstalled pillow-12.3.0
2026-10-08T06:36:28.9272057Z   Attempting uninstall: numpy
2026-10-08T06:36:28.9287867Z     Found existing installation: numpy 2.4.6
2026-10-08T06:36:28.9752278Z     Uninstalling numpy-2.4.6:
2026-10-08T06:36:28.9844020Z       Successfully uninstalled numpy-2.4.6
2026-10-08T06:36:41.8537779Z 
2026-10-08T06:36:41.8545055Z ERROR: pip's dependency resolver does not currently take into account all the packages that are installed. This behaviour is the source of the following dependency conflicts.
2026-10-08T06:36:41.8546638Z mindle-media-ai 0.1.0 requires opencv-python-headless>=5.0, but you have opencv-python-headless 4.12.0.88 which is incompatible.
2026-10-08T06:36:41.8567816Z Successfully installed Pillow-11.3.0 attrs-26.1.0 certifi-2026.7.22 cffi-2.1.1 charset_normalizer-3.5.2 click-8.5.0 flatbuffers-25.12.19 h11-0.16.0 hf-xet-1.7.0 huggingface_hub-0.36.0 idna-3.20 jiwer-4.0.0 numpy-2.2.6 onnxruntime-1.30.0 opencv-python-headless-4.12.0.88 openvino-2025.3.0 openvino-telemetry-2025.2.0 outcome-1.3.0.post0 packaging-26.3 protobuf-7.36.2 pyarrow-21.0.0 pycparser-3.0 pysocks-1.7.1 pyyaml-6.0.3 rapidfuzz-3.14.6 regex-2026.9.29 requests-2.32.5 safetensors-0.6.2 selenium-4.35.0 sniffio-1.3.1 sortedcontainers-2.4.0 soundfile-0.13.1 tokenizers-0.22.2 tqdm-4.70.1 transformers-4.57.3 trio-0.30.0 trio-websocket-0.12.2 typing-extensions-4.14.1 urllib3-2.8.0 websocket-client-1.8.0 wsproto-1.3.2
2026-10-08T06:36:42.0181238Z ##[group]Run actions/download-artifact@v4
2026-10-08T06:36:42.0181571Z with:
2026-10-08T06:36:42.0181843Z   name: mindle-media-approved-ui-product-e2e-evidence
2026-10-08T06:36:42.0182173Z   run-id: 37735046818
2026-10-08T06:36:42.0185364Z   github-token: ***
2026-10-08T06:36:42.0185639Z   path: frozen_product_checkpoint
2026-10-08T06:36:42.0185925Z   merge-multiple: false
2026-10-08T06:36:42.0186194Z   repository: ADAMBUILD-ai/mindle-media-ai
2026-10-08T06:36:42.0186477Z env:
2026-10-08T06:36:42.0186747Z   HF_TOKEN: ***
2026-10-08T06:36:42.0187016Z   MARKETING_SHORTFORM_BASE_URL: http://127.0.0.1:4318
2026-10-08T06:36:42.0187352Z   MARKETING_SHORTFORM_BRIDGE_TOKEN: 
2026-10-08T06:36:42.0187641Z   HF_HUB_DISABLE_TELEMETRY: 1
2026-10-08T06:36:42.0187887Z   HF_HUB_DISABLE_XET: 1
2026-10-08T06:36:42.0188134Z   CUDA_VISIBLE_DEVICES: 
2026-10-08T06:36:42.0188365Z   PYTHONPATH: src
2026-10-08T06:36:42.0188871Z   TOKENIZERS_PARALLELISM: false
2026-10-08T06:36:42.0189219Z   OMP_NUM_THREADS: 2
2026-10-08T06:36:42.0189438Z   MKL_NUM_THREADS: 2
2026-10-08T06:36:42.0189725Z   pythonLocation: /opt/hostedtoolcache/Python/3.11.17/x64
2026-10-08T06:36:42.0190180Z   PKG_CONFIG_PATH: /opt/hostedtoolcache/Python/3.11.17/x64/lib/pkgconfig
2026-10-08T06:36:42.0190620Z   Python_ROOT_DIR: /opt/hostedtoolcache/Python/3.11.17/x64
2026-10-08T06:36:42.0191016Z   Python2_ROOT_DIR: /opt/hostedtoolcache/Python/3.11.17/x64
2026-10-08T06:36:42.0191414Z   Python3_ROOT_DIR: /opt/hostedtoolcache/Python/3.11.17/x64
2026-10-08T06:36:42.0191813Z   LD_LIBRARY_PATH: /opt/hostedtoolcache/Python/3.11.17/x64/lib
2026-10-08T06:36:42.0192154Z ##[endgroup]
2026-10-08T06:36:42.1747622Z Downloading single artifact
2026-10-08T06:36:42.1843446Z (node:3627) [DEP0040] DeprecationWarning: The `punycode` module is deprecated. Please use a userland alternative instead.
2026-10-08T06:36:42.1844496Z (Use `node --trace-deprecation ...` to show where the warning was created)
2026-10-08T06:36:42.2029386Z (node:3627) [DEP0169] DeprecationWarning: `url.parse()` behavior is not standardized and prone to errors that have security implications. Use the WHATWG URL API instead. CVEs are not issued for `url.parse()` vulnerabilities.
2026-10-08T06:36:42.3436061Z Preparing to download the following artifacts:
2026-10-08T06:36:42.3438155Z - mindle-media-approved-ui-product-e2e-evidence (ID: 11531386885, Size: 230499426, Expected Digest: sha256:a5899732ca87c5a0362f4b4d1ad8e3aa76c21992abc11827419a4cc861852efc)
2026-10-08T06:36:42.3479897Z Downloading artifact '11531386885' from 'ADAMBUILD-ai/mindle-media-ai'
2026-10-08T06:36:42.5250517Z Redirecting to blob download url: https://productionresultssa12.blob.core.windows.net/actions-results/09eafaea-6a22-8acd-90fb-0a6b0f95d4eb/workflow-job-run-643df6c9-3a59-538d-8729-69288c4064f5/artifacts/1309f46c99b1e85e38eceb2071ac2e294d43ee3d3b8c92e11b3e8fa19b4b59a8.zip
2026-10-08T06:36:42.5252869Z Starting download of artifact to: /home/runner/work/mindle-media-ai/mindle-media-ai/frozen_product_checkpoint
2026-10-08T06:36:42.6066600Z (node:3627) [DEP0005] DeprecationWarning: Buffer() is deprecated due to security and usability issues. Please use the Buffer.alloc(), Buffer.allocUnsafe(), or Buffer.from() methods instead.
2026-10-08T06:36:46.5385460Z SHA256 digest of downloaded artifact is a5899732ca87c5a0362f4b4d1ad8e3aa76c21992abc11827419a4cc861852efc
2026-10-08T06:36:46.5386174Z Artifact download completed successfully.
2026-10-08T06:36:46.5386514Z Total of 1 artifact(s) downloaded
2026-10-08T06:36:46.5394784Z Download artifact has finished successfully
2026-10-08T06:36:46.5552874Z ##[group]Run mkdir -p docs/evidence/media-ai-product-e2e-full-pass-20261008
2026-10-08T06:36:46.5553506Z [36;1mmkdir -p docs/evidence/media-ai-product-e2e-full-pass-20261008[0m
2026-10-08T06:36:46.5553948Z [36;1mpython -m pip install "pytest>=9,<10"[0m
2026-10-08T06:36:46.5554352Z [36;1mpython -m pip install --no-deps --force-reinstall .[0m
2026-10-08T06:36:46.5554724Z [36;1mpython -m pip check[0m
2026-10-08T06:36:46.5554978Z [36;1mset -o pipefail[0m
2026-10-08T06:36:46.5555877Z [36;1m{ python scripts/validate_pc_work_control_plane.py && python -m pytest -q && node --test ui/interaction.test.js ui/ssot_structure.test.js; } 2>&1 | tee docs/evidence/media-ai-product-e2e-full-pass-20261008/BASELINE_CI_PASS.log[0m
2026-10-08T06:36:46.5620928Z shell: /usr/bin/bash --noprofile --norc -e -o pipefail {0}
2026-10-08T06:36:46.5621281Z env:
2026-10-08T06:36:46.5621669Z   HF_TOKEN: ***
2026-10-08T06:36:46.5621966Z   MARKETING_SHORTFORM_BASE_URL: http://127.0.0.1:4318
2026-10-08T06:36:46.5622347Z   MARKETING_SHORTFORM_BRIDGE_TOKEN: 
2026-10-08T06:36:46.5622625Z   HF_HUB_DISABLE_TELEMETRY: 1
2026-10-08T06:36:46.5622870Z   HF_HUB_DISABLE_XET: 1
2026-10-08T06:36:46.5623113Z   CUDA_VISIBLE_DEVICES: 
2026-10-08T06:36:46.5623344Z   PYTHONPATH: src
2026-10-08T06:36:46.5623579Z   TOKENIZERS_PARALLELISM: false
2026-10-08T06:36:46.5623841Z   OMP_NUM_THREADS: 2
2026-10-08T06:36:46.5624061Z   MKL_NUM_THREADS: 2
2026-10-08T06:36:46.5624344Z   pythonLocation: /opt/hostedtoolcache/Python/3.11.17/x64
2026-10-08T06:36:46.5624790Z   PKG_CONFIG_PATH: /opt/hostedtoolcache/Python/3.11.17/x64/lib/pkgconfig
2026-10-08T06:36:46.5625233Z   Python_ROOT_DIR: /opt/hostedtoolcache/Python/3.11.17/x64
2026-10-08T06:36:46.5625627Z   Python2_ROOT_DIR: /opt/hostedtoolcache/Python/3.11.17/x64
2026-10-08T06:36:46.5626013Z   Python3_ROOT_DIR: /opt/hostedtoolcache/Python/3.11.17/x64
2026-10-08T06:36:46.5626415Z   LD_LIBRARY_PATH: /opt/hostedtoolcache/Python/3.11.17/x64/lib
2026-10-08T06:36:46.5626748Z ##[endgroup]
2026-10-08T06:36:47.0432497Z Collecting pytest<10,>=9
2026-10-08T06:36:47.0925319Z   Downloading pytest-9.1.1-py3-none-any.whl.metadata (7.6 kB)
2026-10-08T06:36:47.1046006Z Collecting iniconfig>=1.0.1 (from pytest<10,>=9)
2026-10-08T06:36:47.1083247Z   Downloading iniconfig-2.3.1-py3-none-any.whl.metadata (2.8 kB)
2026-10-08T06:36:47.1115680Z Requirement already satisfied: packaging>=22 in /opt/hostedtoolcache/Python/3.11.17/x64/lib/python3.11/site-packages (from pytest<10,>=9) (26.3)
2026-10-08T06:36:47.1196904Z Collecting pluggy<2,>=1.5 (from pytest<10,>=9)
2026-10-08T06:36:47.1234158Z   Downloading pluggy-1.6.0-py3-none-any.whl.metadata (4.8 kB)
2026-10-08T06:36:47.1504591Z Collecting pygments>=2.7.2 (from pytest<10,>=9)
2026-10-08T06:36:47.1544303Z   Downloading pygments-2.21.0-py3-none-any.whl.metadata (2.5 kB)
2026-10-08T06:36:47.1627142Z Downloading pytest-9.1.1-py3-none-any.whl (386 kB)
2026-10-08T06:36:47.1873353Z Downloading pluggy-1.6.0-py3-none-any.whl (20 kB)
2026-10-08T06:36:47.1924691Z Downloading iniconfig-2.3.1-py3-none-any.whl (7.6 kB)
2026-10-08T06:36:47.1977219Z Downloading pygments-2.21.0-py3-none-any.whl (1.3 MB)
2026-10-08T06:36:47.2085018Z    ━━━━━━━━━━━━━━━━━━━━━━━━━━━━━━━━━━━━━━━━ 1.3/1.3 MB 146.3 MB/s  0:00:00
2026-10-08T06:36:47.3040461Z Installing collected packages: pygments, pluggy, iniconfig, pytest
2026-10-08T06:36:48.2438952Z 
2026-10-08T06:36:48.2462162Z Successfully installed iniconfig-2.3.1 pluggy-1.6.0 pygments-2.21.0 pytest-9.1.1
2026-10-08T06:36:48.5977749Z Processing ./.
2026-10-08T06:36:48.5992887Z   Installing build dependencies: started
2026-10-08T06:36:49.4550362Z   Installing build dependencies: finished with status 'done'
2026-10-08T06:36:49.4556826Z   Getting requirements to build wheel: started
2026-10-08T06:36:49.9611073Z   Getting requirements to build wheel: finished with status 'done'
2026-10-08T06:36:49.9620486Z   Preparing metadata (pyproject.toml): started
2026-10-08T06:36:50.1382134Z   Preparing metadata (pyproject.toml): finished with status 'done'
2026-10-08T06:36:50.1401531Z Building wheels for collected packages: mindle-media-ai
2026-10-08T06:36:50.1409279Z   Building wheel for mindle-media-ai (pyproject.toml): started
2026-10-08T06:36:50.3485234Z   Building wheel for mindle-media-ai (pyproject.toml): finished with status 'done'
2026-10-08T06:36:50.3492678Z   Created wheel for mindle-media-ai: filename=mindle_media_ai-0.1.0-py3-none-any.whl size=54264 sha256=0390fda229042f12e3cbb123dd4e6f1dbc555c85f41694691af302376516797a
2026-10-08T06:36:50.3496543Z   Stored in directory: /tmp/pip-ephem-wheel-cache-cjk1j528/wheels/0e/c4/a6/8a1d5c1fc1c836c3c0ffa2dbd592c14cd12c3b440cb99c7f9b
2026-10-08T06:36:50.3515222Z Successfully built mindle-media-ai
2026-10-08T06:36:50.3624507Z Installing collected packages: mindle-media-ai
2026-10-08T06:36:50.3626135Z   Attempting uninstall: mindle-media-ai
2026-10-08T06:36:50.3631360Z     Found existing installation: mindle-media-ai 0.1.0
2026-10-08T06:36:50.3642499Z     Can't uninstall 'mindle-media-ai'. No files were found to uninstall.
2026-10-08T06:36:50.4122467Z Successfully installed mindle-media-ai-0.1.0
2026-10-08T06:36:50.7286782Z No broken requirements found.
2026-10-08T06:36:50.7803085Z CONTROL_PLANE_PASS
2026-10-08T06:36:50.7803757Z EPOCH=MEDIA-AI-20261008-PRODUCT-E2E-VIDEO-PREVIEW-TO-FULL-PASS-R1
2026-10-08T06:36:50.7804563Z DIRECTIVE=docs/commander/MINDLE_MEDIA_AI_PRODUCT_E2E_VIDEO_PREVIEW_TO_FULL_PASS_DIRECTIVE_v1.0_20261008.md
2026-10-08T06:36:50.7805511Z CONTRACT=docs/commander/MINDLE_MEDIA_AI_PRODUCT_E2E_VIDEO_PREVIEW_TO_FULL_PASS_EVIDENCE_CONTRACT_v1.0_20261008.json
2026-10-08T06:36:52.8549109Z ..................................................................       [100%]
2026-10-08T06:36:52.8549656Z 66 passed in 1.61s
2026-10-08T06:36:53.1600020Z TAP version 13
2026-10-08T06:36:53.1935537Z # Subtest: ui/interaction.test.js
2026-10-08T06:36:53.1946476Z ok 1 - ui/interaction.test.js
2026-10-08T06:36:53.1947401Z   ---
2026-10-08T06:36:53.1947715Z   duration_ms: 42.604832
2026-10-08T06:36:53.1947997Z   type: 'test'
2026-10-08T06:36:53.1948272Z   ...
2026-10-08T06:36:53.1958602Z # Subtest: ui/ssot_structure.test.js
2026-10-08T06:36:53.1960982Z ok 2 - ui/ssot_structure.test.js
2026-10-08T06:36:53.1969655Z   ---
2026-10-08T06:36:53.1970012Z   duration_ms: 40.861992
2026-10-08T06:36:53.1970654Z   type: 'test'
2026-10-08T06:36:53.1970890Z   ...
2026-10-08T06:36:53.1971097Z 1..2
2026-10-08T06:36:53.1971304Z # tests 2
2026-10-08T06:36:53.1971521Z # suites 0
2026-10-08T06:36:53.1971738Z # pass 2
2026-10-08T06:36:53.1971952Z # fail 0
2026-10-08T06:36:53.1972168Z # cancelled 0
2026-10-08T06:36:53.1972404Z # skipped 0
2026-10-08T06:36:53.1972623Z # todo 0
2026-10-08T06:36:53.1972851Z # duration_ms 56.747066
2026-10-08T06:36:53.2063557Z ##[group]Run python model_scout/stage_perpetual_use_alternatives.py
2026-10-08T06:36:53.2064357Z [36;1mpython model_scout/stage_perpetual_use_alternatives.py[0m
2026-10-08T06:36:53.2129166Z shell: /usr/bin/bash -e {0}
2026-10-08T06:36:53.2129537Z env:
2026-10-08T06:36:53.2129884Z   HF_TOKEN: ***
2026-10-08T06:36:53.2130178Z   MARKETING_SHORTFORM_BASE_URL: http://127.0.0.1:4318
2026-10-08T06:36:53.2130523Z   MARKETING_SHORTFORM_BRIDGE_TOKEN: 
2026-10-08T06:36:53.2130806Z   HF_HUB_DISABLE_TELEMETRY: 1
2026-10-08T06:36:53.2131058Z   HF_HUB_DISABLE_XET: 1
2026-10-08T06:36:53.2131299Z   CUDA_VISIBLE_DEVICES: 
2026-10-08T06:36:53.2131529Z   PYTHONPATH: src
2026-10-08T06:36:53.2131757Z   TOKENIZERS_PARALLELISM: false
2026-10-08T06:36:53.2132011Z   OMP_NUM_THREADS: 2
2026-10-08T06:36:53.2132224Z   MKL_NUM_THREADS: 2
2026-10-08T06:36:53.2132515Z   pythonLocation: /opt/hostedtoolcache/Python/3.11.17/x64
2026-10-08T06:36:53.2132995Z   PKG_CONFIG_PATH: /opt/hostedtoolcache/Python/3.11.17/x64/lib/pkgconfig
2026-10-08T06:36:53.2133441Z   Python_ROOT_DIR: /opt/hostedtoolcache/Python/3.11.17/x64
2026-10-08T06:36:53.2133833Z   Python2_ROOT_DIR: /opt/hostedtoolcache/Python/3.11.17/x64
2026-10-08T06:36:53.2134226Z   Python3_ROOT_DIR: /opt/hostedtoolcache/Python/3.11.17/x64
2026-10-08T06:36:53.2134626Z   LD_LIBRARY_PATH: /opt/hostedtoolcache/Python/3.11.17/x64/lib
2026-10-08T06:36:53.2134961Z ##[endgroup]
2026-10-08T06:37:06.2027090Z 
2026-10-08T06:37:06.2028120Z Upload 0 LFS files: 0it [00:00, ?it/s]
2026-10-08T06:37:06.2028837Z Upload 0 LFS files: 0it [00:00, ?it/s]
2026-10-08T06:37:07.1834543Z alternative models staged; cache revision exported to subsequent steps; gate=PERPETUAL_USE_EVIDENCE_READY
2026-10-08T06:37:07.2200543Z ##[group]Run python model_scout/run_product_e2e_continuation.py
2026-10-08T06:37:07.2201037Z [36;1mpython model_scout/run_product_e2e_continuation.py[0m
2026-10-08T06:37:07.2263188Z shell: /usr/bin/bash -e {0}
2026-10-08T06:37:07.2263488Z env:
2026-10-08T06:37:07.2263863Z   HF_TOKEN: ***
2026-10-08T06:37:07.2264188Z   MARKETING_SHORTFORM_BASE_URL: http://127.0.0.1:4318
2026-10-08T06:37:07.2264599Z   MARKETING_SHORTFORM_BRIDGE_TOKEN: 
2026-10-08T06:37:07.2264929Z   HF_HUB_DISABLE_TELEMETRY: 1
2026-10-08T06:37:07.2265229Z   HF_HUB_DISABLE_XET: 1
2026-10-08T06:37:07.2265499Z   CUDA_VISIBLE_DEVICES: 
2026-10-08T06:37:07.2265777Z   PYTHONPATH: src
2026-10-08T06:37:07.2266042Z   TOKENIZERS_PARALLELISM: false
2026-10-08T06:37:07.2266338Z   OMP_NUM_THREADS: 2
2026-10-08T06:37:07.2266597Z   MKL_NUM_THREADS: 2
2026-10-08T06:37:07.2266934Z   pythonLocation: /opt/hostedtoolcache/Python/3.11.17/x64
2026-10-08T06:37:07.2267509Z   PKG_CONFIG_PATH: /opt/hostedtoolcache/Python/3.11.17/x64/lib/pkgconfig
2026-10-08T06:37:07.2268046Z   Python_ROOT_DIR: /opt/hostedtoolcache/Python/3.11.17/x64
2026-10-08T06:37:07.2268520Z   Python2_ROOT_DIR: /opt/hostedtoolcache/Python/3.11.17/x64
2026-10-08T06:37:07.2269159Z   Python3_ROOT_DIR: /opt/hostedtoolcache/Python/3.11.17/x64
2026-10-08T06:37:07.2269642Z   LD_LIBRARY_PATH: /opt/hostedtoolcache/Python/3.11.17/x64/lib
2026-10-08T06:37:07.2270207Z   MINDLE_ALTERNATIVE_CACHE_REVISION: 98ffdef09de5e6cebeeb3a5fea70700264043bf7
2026-10-08T06:37:07.2270696Z ##[endgroup]
2026-10-08T06:37:07.7055632Z CONTROL_PLANE_PASS
2026-10-08T06:37:07.7056262Z EPOCH=MEDIA-AI-20261008-PRODUCT-E2E-VIDEO-PREVIEW-TO-FULL-PASS-R1
2026-10-08T06:37:07.7057286Z DIRECTIVE=docs/commander/MINDLE_MEDIA_AI_PRODUCT_E2E_VIDEO_PREVIEW_TO_FULL_PASS_DIRECTIVE_v1.0_20261008.md
2026-10-08T06:37:07.7058567Z CONTRACT=docs/commander/MINDLE_MEDIA_AI_PRODUCT_E2E_VIDEO_PREVIEW_TO_FULL_PASS_EVIDENCE_CONTRACT_v1.0_20261008.json
2026-10-08T06:37:53.2735830Z ##[error]Process completed with exit code 3.
2026-10-08T06:37:53.2812163Z ##[group]Run actions/upload-artifact@v4
2026-10-08T06:37:53.2812481Z with:
2026-10-08T06:37:53.2812748Z   name: mindle-media-product-e2e-full-pass-evidence
2026-10-08T06:37:53.2813241Z   retention-days: 90
2026-10-08T06:37:53.2813593Z   if-no-files-found: warn
2026-10-08T06:37:53.2814944Z   path: docs/evidence/media-ai-product-e2e-full-pass-20261008/**
product_e2e_evidence/downloads/**
product_e2e_evidence/inputs/**
product_e2e_evidence/product_data/inputs/**
product_e2e_evidence/product_data/jobs/**
product_e2e_evidence/product_data/projects/**
product_e2e_evidence/logs/**
product_e2e_evidence/PRODUCT_E2E_EVIDENCE.json

2026-10-08T06:37:53.2816247Z   compression-level: 6
2026-10-08T06:37:53.2816479Z   overwrite: false
2026-10-08T06:37:53.2816702Z   include-hidden-files: false
2026-10-08T06:37:53.2816940Z env:
2026-10-08T06:37:53.2817272Z   HF_TOKEN: ***
2026-10-08T06:37:53.2817560Z   MARKETING_SHORTFORM_BASE_URL: http://127.0.0.1:4318
2026-10-08T06:37:53.2817923Z   MARKETING_SHORTFORM_BRIDGE_TOKEN: 
2026-10-08T06:37:53.2818203Z   HF_HUB_DISABLE_TELEMETRY: 1
2026-10-08T06:37:53.2818452Z   HF_HUB_DISABLE_XET: 1
2026-10-08T06:37:53.2818943Z   CUDA_VISIBLE_DEVICES: 
2026-10-08T06:37:53.2819247Z   PYTHONPATH: src
2026-10-08T06:37:53.2819472Z   TOKENIZERS_PARALLELISM: false
2026-10-08T06:37:53.2819732Z   OMP_NUM_THREADS: 2
2026-10-08T06:37:53.2819945Z   MKL_NUM_THREADS: 2
2026-10-08T06:37:53.2820230Z   pythonLocation: /opt/hostedtoolcache/Python/3.11.17/x64
2026-10-08T06:37:53.2820695Z   PKG_CONFIG_PATH: /opt/hostedtoolcache/Python/3.11.17/x64/lib/pkgconfig
2026-10-08T06:37:53.2821162Z   Python_ROOT_DIR: /opt/hostedtoolcache/Python/3.11.17/x64
2026-10-08T06:37:53.2821599Z   Python2_ROOT_DIR: /opt/hostedtoolcache/Python/3.11.17/x64
2026-10-08T06:37:53.2822011Z   Python3_ROOT_DIR: /opt/hostedtoolcache/Python/3.11.17/x64
2026-10-08T06:37:53.2822431Z   LD_LIBRARY_PATH: /opt/hostedtoolcache/Python/3.11.17/x64/lib
2026-10-08T06:37:53.2822909Z   MINDLE_ALTERNATIVE_CACHE_REVISION: 98ffdef09de5e6cebeeb3a5fea70700264043bf7
2026-10-08T06:37:53.2823324Z ##[endgroup]
2026-10-08T06:37:53.4470113Z (node:4261) [DEP0040] DeprecationWarning: The `punycode` module is deprecated. Please use a userland alternative instead.
2026-10-08T06:37:53.4471503Z (Use `node --trace-deprecation ...` to show where the warning was created)
2026-10-08T06:37:53.4700810Z Multiple search paths detected. Calculating the least common ancestor of all paths
2026-10-08T06:37:53.4705434Z The least common ancestor is /home/runner/work/mindle-media-ai/mindle-media-ai. This will be the root directory of the artifact
2026-10-08T06:37:53.4706810Z With the provided path, there will be 48 files uploaded
2026-10-08T06:37:53.4707981Z Artifact name is valid!
2026-10-08T06:37:53.4709220Z Root directory input is valid!
2026-10-08T06:37:53.6705920Z Beginning upload of artifact content to blob storage
2026-10-08T06:37:53.9962977Z (node:4261) [DEP0169] DeprecationWarning: `url.parse()` behavior is not standardized and prone to errors that have security implications. Use the WHATWG URL API instead. CVEs are not issued for `url.parse()` vulnerabilities.
2026-10-08T06:37:54.1721725Z Uploaded bytes 8388608
2026-10-08T06:37:54.2604378Z Uploaded bytes 12170882
2026-10-08T06:37:54.2735593Z Finished uploading artifact content to blob storage!
2026-10-08T06:37:54.2736827Z SHA256 digest of uploaded artifact zip is 969f05ca82f9552bb398d6ccfcfbda9af908749804679982ea3c77b13b512d92
2026-10-08T06:37:54.2739418Z Finalizing artifact upload
2026-10-08T06:37:54.4744040Z Artifact mindle-media-product-e2e-full-pass-evidence.zip successfully finalized. Artifact ID 11531989555
2026-10-08T06:37:54.4745937Z Artifact mindle-media-product-e2e-full-pass-evidence has been successfully uploaded! Final size is 12170882 bytes. Artifact ID is 11531989555
2026-10-08T06:37:54.4752348Z Artifact download URL: https://github.com/ADAMBUILD-ai/mindle-media-ai/actions/runs/37738309658/artifacts/11531989555
2026-10-08T06:37:54.4959851Z Post job cleanup.
2026-10-08T06:37:54.5791861Z [command]/usr/bin/git version
2026-10-08T06:37:54.5835528Z git version 2.55.0
2026-10-08T06:37:54.5906619Z Temporarily overriding HOME='/home/runner/work/_temp/4c385086-28db-483a-aad2-82129e1007bf' before making global git config changes
2026-10-08T06:37:54.5908305Z Adding repository directory to the temporary git global config as a safe directory
2026-10-08T06:37:54.5912927Z [command]/usr/bin/git config --global --add safe.directory /home/runner/work/mindle-media-ai/mindle-media-ai
2026-10-08T06:37:54.5954593Z [command]/usr/bin/git config --local --name-only --get-regexp core\.sshCommand
2026-10-08T06:37:54.6000542Z [command]/usr/bin/git submodule foreach --recursive sh -c "git config --local --name-only --get-regexp 'core\.sshCommand' && git config --local --unset-all 'core.sshCommand' || :"
2026-10-08T06:37:54.6251355Z [command]/usr/bin/git config --local --name-only --get-regexp http\.https\:\/\/github\.com\/\.extraheader
2026-10-08T06:37:54.6281409Z http.https://github.com/.extraheader
2026-10-08T06:37:54.6293038Z [command]/usr/bin/git config --local --unset-all http.https://github.com/.extraheader
2026-10-08T06:37:54.6354589Z [command]/usr/bin/git submodule foreach --recursive sh -c "git config --local --name-only --get-regexp 'http\.https\:\/\/github\.com\/\.extraheader' && git config --local --unset-all 'http.https://github.com/.extraheader' || :"
2026-10-08T06:37:54.6621775Z [command]/usr/bin/git config --local --name-only --get-regexp ^includeIf\.gitdir:
2026-10-08T06:37:54.6677995Z [command]/usr/bin/git submodule foreach --recursive git config --local --show-origin --name-only --get-regexp remote.origin.url
2026-10-08T06:37:54.7108166Z Cleaning up orphan processes
2026-10-08T06:37:54.7521442Z ##[warning]Node.js 20 is deprecated. The following actions target Node.js 20 but are being forced to run on Node.js 24: actions/checkout@v4, actions/download-artifact@v4, actions/setup-python@v5, actions/upload-artifact@v4. For more information see: https://github.blog/changelog/2025-09-19-deprecation-of-node-20-on-github-actions-runners/
