2026-10-08T06:32:11.8593990Z Current runner version: '2.337.0'
2026-10-08T06:32:11.8617435Z ##[group]Runner Image Provisioner
2026-10-08T06:32:11.8618301Z Hosted Compute Agent
2026-10-08T06:32:11.8618894Z Version: 20261002.596
2026-10-08T06:32:11.8619430Z Commit: c3d12f3313a95f25162a1503be624f3b0617f8c0
2026-10-08T06:32:11.8620028Z Build Date: 2026-10-02T22:28:27Z
2026-10-08T06:32:11.8620633Z Worker ID: {f14a2f9e-3e69-44c6-8f97-8b45777f0420}
2026-10-08T06:32:11.8621258Z Region: centralus
2026-10-08T06:32:11.8621708Z Cloud: Azure
2026-10-08T06:32:11.8622248Z ##[endgroup]
2026-10-08T06:32:11.8623307Z ##[group]Operating System
2026-10-08T06:32:11.8623858Z Ubuntu
2026-10-08T06:32:11.8624324Z 24.04.5
2026-10-08T06:32:11.8624735Z LTS
2026-10-08T06:32:11.8625215Z ##[endgroup]
2026-10-08T06:32:11.8625672Z ##[group]Runner Image
2026-10-08T06:32:11.8626257Z Image: ubuntu-24.04
2026-10-08T06:32:11.8626769Z Version: 20261004.327.1
2026-10-08T06:32:11.8628023Z Included Software: https://github.com/actions/runner-images/blob/ubuntu24/20261004.327/images/ubuntu/Ubuntu2404-Readme.md
2026-10-08T06:32:11.8629314Z Image Release: https://github.com/actions/runner-images/releases/tag/ubuntu24%2F20261004.327
2026-10-08T06:32:11.8630192Z ##[endgroup]
2026-10-08T06:32:11.8631298Z ##[group]GITHUB_TOKEN Permissions
2026-10-08T06:32:11.8633163Z Actions: read
2026-10-08T06:32:11.8633660Z Contents: read
2026-10-08T06:32:11.8634231Z Metadata: read
2026-10-08T06:32:11.8634769Z ##[endgroup]
2026-10-08T06:32:11.8636597Z Secret source: Actions
2026-10-08T06:32:11.8637453Z Cache mode: write
2026-10-08T06:32:11.8638545Z Prepare workflow directory
2026-10-08T06:32:12.0131505Z Prepare all required actions
2026-10-08T06:32:12.0166052Z Getting action download info
2026-10-08T06:32:12.2251062Z Download action repository 'actions/checkout@v4' (SHA:11d5960a326750d5838078e36cf38b85af677262)
2026-10-08T06:32:12.5092861Z Download action repository 'actions/setup-python@v5' (SHA:a26af69be951a213d495a4c3e4e4022e16d87065)
2026-10-08T06:32:12.7887086Z Download action repository 'actions/download-artifact@v4' (SHA:d3f86a106a0bac45b974a628896c90dbdf5c8093)
2026-10-08T06:32:13.3130960Z Download action repository 'actions/upload-artifact@v4' (SHA:ea165f8d65b6e75b540449e92b4886f43607fa02)
2026-10-08T06:32:14.3152197Z Complete job name: Approved UI to perpetual-use CPU models
2026-10-08T06:32:14.3653240Z ##[group]Run actions/checkout@v4
2026-10-08T06:32:14.3653576Z with:
2026-10-08T06:32:14.3653749Z   ref: 0e248b91c3c0afa5ca1465a370b539dd3b128ab6
2026-10-08T06:32:14.3653967Z   repository: ADAMBUILD-ai/mindle-media-ai
2026-10-08T06:32:14.3655584Z   token: ***
2026-10-08T06:32:14.3655737Z   ssh-strict: true
2026-10-08T06:32:14.3655888Z   ssh-user: git
2026-10-08T06:32:14.3656043Z   persist-credentials: true
2026-10-08T06:32:14.3656212Z   clean: true
2026-10-08T06:32:14.3656371Z   sparse-checkout-cone-mode: true
2026-10-08T06:32:14.3656558Z   fetch-depth: 1
2026-10-08T06:32:14.3656709Z   fetch-tags: false
2026-10-08T06:32:14.3656876Z   show-progress: true
2026-10-08T06:32:14.3657028Z   lfs: false
2026-10-08T06:32:14.3657191Z   submodules: false
2026-10-08T06:32:14.3657345Z   set-safe-directory: true
2026-10-08T06:32:14.3657521Z   allow-unsafe-pr-checkout: false
2026-10-08T06:32:14.3657897Z env:
2026-10-08T06:32:14.3658080Z   HF_TOKEN: ***
2026-10-08T06:32:14.3658308Z   MARKETING_SHORTFORM_BASE_URL: http://127.0.0.1:4318
2026-10-08T06:32:14.3658547Z   MARKETING_SHORTFORM_BRIDGE_TOKEN: 
2026-10-08T06:32:14.3658728Z   HF_HUB_DISABLE_TELEMETRY: 1
2026-10-08T06:32:14.3658898Z   HF_HUB_DISABLE_XET: 1
2026-10-08T06:32:14.3659057Z   CUDA_VISIBLE_DEVICES: 
2026-10-08T06:32:14.3659215Z   PYTHONPATH: src
2026-10-08T06:32:14.3659373Z   TOKENIZERS_PARALLELISM: false
2026-10-08T06:32:14.3659551Z   OMP_NUM_THREADS: 2
2026-10-08T06:32:14.3659726Z   MKL_NUM_THREADS: 2
2026-10-08T06:32:14.3659877Z ##[endgroup]
2026-10-08T06:32:14.4341734Z Syncing repository: ADAMBUILD-ai/mindle-media-ai
2026-10-08T06:32:14.4342989Z ##[group]Getting Git version info
2026-10-08T06:32:14.4343263Z Working directory is '/home/runner/work/mindle-media-ai/mindle-media-ai'
2026-10-08T06:32:14.4344051Z [command]/usr/bin/git version
2026-10-08T06:32:14.4410801Z git version 2.55.0
2026-10-08T06:32:14.4520097Z ##[endgroup]
2026-10-08T06:32:14.4525716Z Temporarily overriding HOME='/home/runner/work/_temp/69148e82-be28-4bf2-98c2-a2aa3482bbed' before making global git config changes
2026-10-08T06:32:14.4526176Z Adding repository directory to the temporary git global config as a safe directory
2026-10-08T06:32:14.4526590Z [command]/usr/bin/git config --global --add safe.directory /home/runner/work/mindle-media-ai/mindle-media-ai
2026-10-08T06:32:14.4941709Z Deleting the contents of '/home/runner/work/mindle-media-ai/mindle-media-ai'
2026-10-08T06:32:14.4946181Z ##[group]Initializing the repository
2026-10-08T06:32:14.4949946Z [command]/usr/bin/git init /home/runner/work/mindle-media-ai/mindle-media-ai
2026-10-08T06:32:14.6445485Z hint: Using 'master' as the name for the initial branch. This default branch name
2026-10-08T06:32:14.6445955Z hint: will change to "main" in Git 3.0. To configure the initial branch name
2026-10-08T06:32:14.6446320Z hint: to use in all of your new repositories, which will suppress this warning,
2026-10-08T06:32:14.6446575Z hint: call:
2026-10-08T06:32:14.6446720Z hint:
2026-10-08T06:32:14.6446997Z hint: 	git config --global init.defaultBranch <name>
2026-10-08T06:32:14.6447306Z hint:
2026-10-08T06:32:14.6447545Z hint: Names commonly chosen instead of 'master' are 'main', 'trunk' and
2026-10-08T06:32:14.6448088Z hint: 'development'. The just-created branch can be renamed via this command:
2026-10-08T06:32:14.6448339Z hint:
2026-10-08T06:32:14.6448490Z hint: 	git branch -m <name>
2026-10-08T06:32:14.6448653Z hint:
2026-10-08T06:32:14.6448868Z hint: Disable this message with "git config set advice.defaultBranchName false"
2026-10-08T06:32:14.6449551Z Initialized empty Git repository in /home/runner/work/mindle-media-ai/mindle-media-ai/.git/
2026-10-08T06:32:14.6458240Z [command]/usr/bin/git remote add origin https://github.com/ADAMBUILD-ai/mindle-media-ai
2026-10-08T06:32:14.6815793Z ##[endgroup]
2026-10-08T06:32:14.6816144Z ##[group]Disabling automatic garbage collection
2026-10-08T06:32:14.6820458Z [command]/usr/bin/git config --local gc.auto 0
2026-10-08T06:32:14.7199313Z ##[endgroup]
2026-10-08T06:32:14.7200200Z ##[group]Setting up auth
2026-10-08T06:32:14.7205083Z [command]/usr/bin/git config --local --name-only --get-regexp core\.sshCommand
2026-10-08T06:32:14.7238394Z [command]/usr/bin/git submodule foreach --recursive sh -c "git config --local --name-only --get-regexp 'core\.sshCommand' && git config --local --unset-all 'core.sshCommand' || :"
2026-10-08T06:32:14.7532406Z [command]/usr/bin/git config --local --name-only --get-regexp http\.https\:\/\/github\.com\/\.extraheader
2026-10-08T06:32:14.7575514Z [command]/usr/bin/git submodule foreach --recursive sh -c "git config --local --name-only --get-regexp 'http\.https\:\/\/github\.com\/\.extraheader' && git config --local --unset-all 'http.https://github.com/.extraheader' || :"
2026-10-08T06:32:14.7768734Z [command]/usr/bin/git config --local --name-only --get-regexp ^includeIf\.gitdir:
2026-10-08T06:32:14.7798006Z [command]/usr/bin/git submodule foreach --recursive git config --local --show-origin --name-only --get-regexp remote.origin.url
2026-10-08T06:32:14.7996091Z [command]/usr/bin/git config --local http.https://github.com/.extraheader AUTHORIZATION: basic ***
2026-10-08T06:32:14.8034419Z ##[endgroup]
2026-10-08T06:32:14.8035022Z ##[group]Fetching the repository
2026-10-08T06:32:14.8041719Z [command]/usr/bin/git -c protocol.version=2 fetch --no-tags --prune --no-recurse-submodules --depth=1 origin 0e248b91c3c0afa5ca1465a370b539dd3b128ab6
2026-10-08T06:32:18.2814669Z From https://github.com/ADAMBUILD-ai/mindle-media-ai
2026-10-08T06:32:18.2815062Z  * branch            0e248b91c3c0afa5ca1465a370b539dd3b128ab6 -> FETCH_HEAD
2026-10-08T06:32:18.2819314Z ##[endgroup]
2026-10-08T06:32:18.2819694Z ##[group]Determining the checkout info
2026-10-08T06:32:18.2824736Z ##[endgroup]
2026-10-08T06:32:18.2825753Z [command]/usr/bin/git sparse-checkout disable
2026-10-08T06:32:18.2878526Z [command]/usr/bin/git config --local --unset-all extensions.worktreeConfig
2026-10-08T06:32:18.2901876Z ##[group]Checking out the ref
2026-10-08T06:32:18.2916269Z [command]/usr/bin/git checkout --progress --force 0e248b91c3c0afa5ca1465a370b539dd3b128ab6
2026-10-08T06:32:18.8420784Z Note: switching to '0e248b91c3c0afa5ca1465a370b539dd3b128ab6'.
2026-10-08T06:32:18.8428201Z 
2026-10-08T06:32:18.8428563Z You are in 'detached HEAD' state. You can look around, make experimental
2026-10-08T06:32:18.8429022Z changes and commit them, and you can discard any commits you make in this
2026-10-08T06:32:18.8429477Z state without impacting any branches by switching back to a branch.
2026-10-08T06:32:18.8429736Z 
2026-10-08T06:32:18.8429950Z If you want to create a new branch to retain commits you create, you may
2026-10-08T06:32:18.8430347Z do so (now or later) by using -c with the switch command. Example:
2026-10-08T06:32:18.8430580Z 
2026-10-08T06:32:18.8430716Z   git switch -c <new-branch-name>
2026-10-08T06:32:18.8430875Z 
2026-10-08T06:32:18.8430976Z Or undo this operation with:
2026-10-08T06:32:18.8431119Z 
2026-10-08T06:32:18.8431202Z   git switch -
2026-10-08T06:32:18.8431324Z 
2026-10-08T06:32:18.8431531Z Turn off this advice by setting config variable advice.detachedHead to false
2026-10-08T06:32:18.8431806Z 
2026-10-08T06:32:18.8432100Z HEAD is now at 0e248b9 fix(product-e2e): diagnose video codec and continue frozen PHOTO checkpoint under new epoch
2026-10-08T06:32:18.8458941Z ##[endgroup]
2026-10-08T06:32:18.8504057Z [command]/usr/bin/git log -1 --format=%H
2026-10-08T06:32:18.8532115Z 0e248b91c3c0afa5ca1465a370b539dd3b128ab6
2026-10-08T06:32:18.8731909Z ##[group]Run actions/setup-python@v5
2026-10-08T06:32:18.8732091Z with:
2026-10-08T06:32:18.8732222Z   python-version: 3.11
2026-10-08T06:32:18.8732353Z   cache: pip
2026-10-08T06:32:18.8732476Z   check-latest: false
2026-10-08T06:32:18.8733967Z   token: ***
2026-10-08T06:32:18.8734105Z   update-environment: true
2026-10-08T06:32:18.8734270Z   allow-prereleases: false
2026-10-08T06:32:18.8734409Z   freethreaded: false
2026-10-08T06:32:18.8734532Z env:
2026-10-08T06:32:18.8734679Z   HF_TOKEN: ***
2026-10-08T06:32:18.8734836Z   MARKETING_SHORTFORM_BASE_URL: http://127.0.0.1:4318
2026-10-08T06:32:18.8735031Z   MARKETING_SHORTFORM_BRIDGE_TOKEN: 
2026-10-08T06:32:18.8735187Z   HF_HUB_DISABLE_TELEMETRY: 1
2026-10-08T06:32:18.8735332Z   HF_HUB_DISABLE_XET: 1
2026-10-08T06:32:18.8735462Z   CUDA_VISIBLE_DEVICES: 
2026-10-08T06:32:18.8735594Z   PYTHONPATH: src
2026-10-08T06:32:18.8735721Z   TOKENIZERS_PARALLELISM: false
2026-10-08T06:32:18.8735865Z   OMP_NUM_THREADS: 2
2026-10-08T06:32:18.8736017Z   MKL_NUM_THREADS: 2
2026-10-08T06:32:18.8736138Z ##[endgroup]
2026-10-08T06:32:18.9607297Z ##[group]Installed versions
2026-10-08T06:32:18.9685747Z (node:2096) [DEP0040] DeprecationWarning: The `punycode` module is deprecated. Please use a userland alternative instead.
2026-10-08T06:32:18.9686347Z (Use `node --trace-deprecation ...` to show where the warning was created)
2026-10-08T06:32:18.9686909Z Successfully set up CPython (3.11.17)
2026-10-08T06:32:18.9687419Z ##[endgroup]
2026-10-08T06:32:19.0833422Z [command]/opt/hostedtoolcache/Python/3.11.17/x64/bin/pip cache dir
2026-10-08T06:32:19.3164398Z /home/runner/.cache/pip
2026-10-08T06:32:19.4688241Z Cache hit for: setup-python-Linux-x64-24.04-Ubuntu-python-3.11.17-pip-269d68330a16e458f708a1a26a9b05252918b91edca0fa2f89350526bd965812
2026-10-08T06:32:19.4786365Z (node:2096) [DEP0169] DeprecationWarning: `url.parse()` behavior is not standardized and prone to errors that have security implications. Use the WHATWG URL API instead. CVEs are not issued for `url.parse()` vulnerabilities.
2026-10-08T06:32:20.6547978Z Received 79691776 of 450201278 (17.7%), 75.9 MBs/sec
2026-10-08T06:32:21.6552620Z Received 260046848 of 450201278 (57.8%), 123.9 MBs/sec
2026-10-08T06:32:22.6555597Z Received 402653184 of 450201278 (89.4%), 127.9 MBs/sec
2026-10-08T06:32:22.8848902Z Received 450201278 of 450201278 (100.0%), 133.0 MBs/sec
2026-10-08T06:32:22.8854447Z Cache Size: ~429 MB (450201278 B)
2026-10-08T06:32:22.8893801Z [command]/usr/bin/tar -xf /home/runner/work/_temp/aa23565b-0924-486c-ba4b-7393925b7147/cache.tzst -P -C /home/runner/work/mindle-media-ai/mindle-media-ai --use-compress-program unzstd
2026-10-08T06:32:23.3510312Z Cache restored successfully
2026-10-08T06:32:23.3699726Z Cache restored from key: setup-python-Linux-x64-24.04-Ubuntu-python-3.11.17-pip-cc0ee05af895cf1fa1d1b499f286a430ad6f73ecd0a214c754254f98ff1e18af
2026-10-08T06:32:23.5314694Z ##[group]Run if [ "false" != "false" ]; then
2026-10-08T06:32:23.5314957Z [36;1mif [ "false" != "false" ]; then[0m
2026-10-08T06:32:23.5315200Z [36;1m  echo "::error::Only a public repository free hosted runner is authorized"[0m
2026-10-08T06:32:23.5315428Z [36;1m  exit 1[0m
2026-10-08T06:32:23.5315544Z [36;1mfi[0m
2026-10-08T06:32:23.5315667Z [36;1mif [ -z "$HF_TOKEN" ]; then[0m
2026-10-08T06:32:23.5315864Z [36;1m  echo "::error::MINDLE_MEDIA_HF_WRITE_TOKEN is unavailable"[0m
2026-10-08T06:32:23.5316074Z [36;1m  exit 1[0m
2026-10-08T06:32:23.5316185Z [36;1mfi[0m
2026-10-08T06:32:23.5316307Z [36;1mecho "::add-mask::$HF_TOKEN"[0m
2026-10-08T06:32:23.5316492Z [36;1mif command -v nvidia-smi >/dev/null 2>&1; then[0m
2026-10-08T06:32:23.5316718Z [36;1m  echo "::error::GPU tooling is present; refusing execution"[0m
2026-10-08T06:32:23.5316908Z [36;1m  exit 1[0m
2026-10-08T06:32:23.5317018Z [36;1mfi[0m
2026-10-08T06:32:23.5649863Z shell: /usr/bin/bash --noprofile --norc -e -o pipefail {0}
2026-10-08T06:32:23.5650083Z env:
2026-10-08T06:32:23.5650403Z   HF_TOKEN: ***
2026-10-08T06:32:23.5650571Z   MARKETING_SHORTFORM_BASE_URL: http://127.0.0.1:4318
2026-10-08T06:32:23.5650761Z   MARKETING_SHORTFORM_BRIDGE_TOKEN: 
2026-10-08T06:32:23.5650917Z   HF_HUB_DISABLE_TELEMETRY: 1
2026-10-08T06:32:23.5651058Z   HF_HUB_DISABLE_XET: 1
2026-10-08T06:32:23.5651188Z   CUDA_VISIBLE_DEVICES: 
2026-10-08T06:32:23.5651316Z   PYTHONPATH: src
2026-10-08T06:32:23.5651456Z   TOKENIZERS_PARALLELISM: false
2026-10-08T06:32:23.5651596Z   OMP_NUM_THREADS: 2
2026-10-08T06:32:23.5651716Z   MKL_NUM_THREADS: 2
2026-10-08T06:32:23.5651899Z   pythonLocation: /opt/hostedtoolcache/Python/3.11.17/x64
2026-10-08T06:32:23.5652144Z   PKG_CONFIG_PATH: /opt/hostedtoolcache/Python/3.11.17/x64/lib/pkgconfig
2026-10-08T06:32:23.5652384Z   Python_ROOT_DIR: /opt/hostedtoolcache/Python/3.11.17/x64
2026-10-08T06:32:23.5652605Z   Python2_ROOT_DIR: /opt/hostedtoolcache/Python/3.11.17/x64
2026-10-08T06:32:23.5652830Z   Python3_ROOT_DIR: /opt/hostedtoolcache/Python/3.11.17/x64
2026-10-08T06:32:23.5653052Z   LD_LIBRARY_PATH: /opt/hostedtoolcache/Python/3.11.17/x64/lib
2026-10-08T06:32:23.5653239Z ##[endgroup]
2026-10-08T06:32:23.5770936Z ##[group]Run sudo apt-get update
2026-10-08T06:32:23.5771126Z [36;1msudo apt-get update[0m
2026-10-08T06:32:23.5771323Z [36;1msudo apt-get install -y --no-install-recommends ffmpeg[0m
2026-10-08T06:32:23.5771732Z [36;1mpython -m pip install --disable-pip-version-check "torch==2.8.0" "torchvision==0.23.0" --index-url https://download.pytorch.org/whl/cpu[0m
2026-10-08T06:32:23.5772525Z [36;1mpython -m pip install --disable-pip-version-check "transformers==4.57.3" "huggingface_hub==0.36.0" "safetensors==0.6.2" "opencv-python-headless==4.12.0.88" "onnxruntime==1.30.0" "numpy==2.2.6" "Pillow==11.3.0" "pyarrow==21.0.0" "soundfile==0.13.1" "jiwer==4.0.0" "requests==2.32.5" "selenium==4.35.0" "openvino==2025.3.0"[0m
2026-10-08T06:32:23.5824106Z shell: /usr/bin/bash --noprofile --norc -e -o pipefail {0}
2026-10-08T06:32:23.5824305Z env:
2026-10-08T06:32:23.5824530Z   HF_TOKEN: ***
2026-10-08T06:32:23.5824685Z   MARKETING_SHORTFORM_BASE_URL: http://127.0.0.1:4318
2026-10-08T06:32:23.5824899Z   MARKETING_SHORTFORM_BRIDGE_TOKEN: 
2026-10-08T06:32:23.5825056Z   HF_HUB_DISABLE_TELEMETRY: 1
2026-10-08T06:32:23.5825197Z   HF_HUB_DISABLE_XET: 1
2026-10-08T06:32:23.5825327Z   CUDA_VISIBLE_DEVICES: 
2026-10-08T06:32:23.5825457Z   PYTHONPATH: src
2026-10-08T06:32:23.5825734Z   TOKENIZERS_PARALLELISM: false
2026-10-08T06:32:23.5825876Z   OMP_NUM_THREADS: 2
2026-10-08T06:32:23.5825995Z   MKL_NUM_THREADS: 2
2026-10-08T06:32:23.5826163Z   pythonLocation: /opt/hostedtoolcache/Python/3.11.17/x64
2026-10-08T06:32:23.5826400Z   PKG_CONFIG_PATH: /opt/hostedtoolcache/Python/3.11.17/x64/lib/pkgconfig
2026-10-08T06:32:23.5826639Z   Python_ROOT_DIR: /opt/hostedtoolcache/Python/3.11.17/x64
2026-10-08T06:32:23.5826855Z   Python2_ROOT_DIR: /opt/hostedtoolcache/Python/3.11.17/x64
2026-10-08T06:32:23.5827067Z   Python3_ROOT_DIR: /opt/hostedtoolcache/Python/3.11.17/x64
2026-10-08T06:32:23.5827283Z   LD_LIBRARY_PATH: /opt/hostedtoolcache/Python/3.11.17/x64/lib
2026-10-08T06:32:23.5827468Z ##[endgroup]
2026-10-08T06:32:23.6500692Z Get:1 file:/etc/apt/apt-mirrors.txt Mirrorlist [144 B]
2026-10-08T06:32:23.6718952Z Get:6 https://packages.microsoft.com/ubuntu/24.04/prod noble InRelease [3600 B]
2026-10-08T06:32:23.6797592Z Hit:2 http://azure.archive.ubuntu.com/ubuntu noble InRelease
2026-10-08T06:32:23.6806051Z Get:3 http://azure.archive.ubuntu.com/ubuntu noble-updates InRelease [126 kB]
2026-10-08T06:32:23.6836920Z Get:4 http://azure.archive.ubuntu.com/ubuntu noble-backports InRelease [126 kB]
2026-10-08T06:32:23.6849301Z Get:5 http://azure.archive.ubuntu.com/ubuntu noble-security InRelease [126 kB]
2026-10-08T06:32:23.7337521Z Get:7 https://packages.microsoft.com/ubuntu/24.04/prod noble/main all Packages [640 B]
2026-10-08T06:32:23.7439054Z Get:8 https://packages.microsoft.com/ubuntu/24.04/prod noble/main arm64 Packages [474 kB]
2026-10-08T06:32:23.7523138Z Get:9 https://packages.microsoft.com/ubuntu/24.04/prod noble/main armhf Packages [12.3 kB]
2026-10-08T06:32:23.7579669Z Get:10 https://packages.microsoft.com/ubuntu/24.04/prod noble/main amd64 Packages [530 kB]
2026-10-08T06:32:23.8133062Z Get:11 http://azure.archive.ubuntu.com/ubuntu noble-updates/main amd64 Packages [1375 kB]
2026-10-08T06:32:23.8183149Z Get:12 http://azure.archive.ubuntu.com/ubuntu noble-updates/main Translation-en [306 kB]
2026-10-08T06:32:23.8208737Z Get:13 http://azure.archive.ubuntu.com/ubuntu noble-updates/universe amd64 Packages [1702 kB]
2026-10-08T06:32:23.8275283Z Get:14 http://azure.archive.ubuntu.com/ubuntu noble-updates/universe Translation-en [341 kB]
2026-10-08T06:32:23.8290772Z Get:15 http://azure.archive.ubuntu.com/ubuntu noble-updates/restricted amd64 Packages [1761 kB]
2026-10-08T06:32:23.8438855Z Get:16 http://azure.archive.ubuntu.com/ubuntu noble-updates/restricted Translation-en [401 kB]
2026-10-08T06:32:23.8461045Z Get:17 http://azure.archive.ubuntu.com/ubuntu noble-updates/multiverse amd64 Packages [55.0 kB]
2026-10-08T06:32:23.8465638Z Get:18 http://azure.archive.ubuntu.com/ubuntu noble-updates/multiverse Translation-en [14.3 kB]
2026-10-08T06:32:23.9089532Z Get:19 http://azure.archive.ubuntu.com/ubuntu noble-security/main amd64 Packages [1074 kB]
2026-10-08T06:32:23.9135821Z Get:20 http://azure.archive.ubuntu.com/ubuntu noble-security/main Translation-en [223 kB]
2026-10-08T06:32:23.9622767Z Get:21 http://azure.archive.ubuntu.com/ubuntu noble-security/universe amd64 Packages [1218 kB]
2026-10-08T06:32:23.9664326Z Get:22 http://azure.archive.ubuntu.com/ubuntu noble-security/universe Translation-en [245 kB]
2026-10-08T06:32:23.9675801Z Get:23 http://azure.archive.ubuntu.com/ubuntu noble-security/multiverse Translation-en [11.6 kB]
2026-10-08T06:32:28.8790093Z Fetched 10.1 MB in 1s (12.4 MB/s)
2026-10-08T06:32:29.4505464Z Reading package lists...
2026-10-08T06:32:29.4749586Z Reading package lists...
2026-10-08T06:32:29.6626771Z Building dependency tree...
2026-10-08T06:32:29.6632421Z Reading state information...
2026-10-08T06:32:29.8054878Z The following additional packages will be installed:
2026-10-08T06:32:29.8055536Z   libass9 libasyncns0 libavc1394-0 libavcodec60 libavdevice60 libavfilter9
2026-10-08T06:32:29.8055933Z   libavformat60 libavutil58 libblas3 libbluray2 libbs2b0 libcaca0
2026-10-08T06:32:29.8056345Z   libcdio-cdda2t64 libcdio-paranoia2t64 libcdio19t64 libchromaprint1 libcjson1
2026-10-08T06:32:29.8057363Z   libcodec2-1.2 libdav1d7 libdc1394-25 libdecor-0-0 libflac12t64 libflite1
2026-10-08T06:32:29.8058012Z   libgme0 libgsm1 libhwy1t64 libiec61883-0 libjack-jackd2-0 libjxl0.7
2026-10-08T06:32:29.8058441Z   liblapack3 liblilv-0-0 libmbedcrypto7t64 libmp3lame0 libmpg123-0t64
2026-10-08T06:32:29.8058865Z   libmysofa1 libopenal-data libopenal1 libopenmpt0t64 libopus0 libplacebo338
2026-10-08T06:32:29.8059299Z   libpocketsphinx3 libpostproc57 libpulse0 librav1e0 libraw1394-11 librist4
2026-10-08T06:32:29.8059906Z   librsvg2-2 librubberband2 libsamplerate0 libsdl2-2.0-0 libserd-0-0 libshine3
2026-10-08T06:32:29.8060396Z   libsndfile1 libsndio7.0 libsord-0-0 libsoxr0 libspeex1 libsphinxbase3t64
2026-10-08T06:32:29.8060846Z   libsratom-0-0 libsrt1.5-gnutls libssh-gcrypt-4 libsvtav1enc1d1
2026-10-08T06:32:29.8061283Z   libswresample4 libswscale7 libtheora0 libtwolame0 libudfread0 libunibreak5
2026-10-08T06:32:29.8061785Z   libva-drm2 libva-x11-2 libva2 libvdpau1 libvidstab1.1 libvorbisenc2 libvpl2
2026-10-08T06:32:29.8062278Z   libvpx9 libx264-164 libx265-199 libxcb-shape0 libxv1 libxvidcore4 libzimg2
2026-10-08T06:32:29.8062704Z   libzix-0-0 libzvbi-common libzvbi0t64 ocl-icd-libopencl1
2026-10-08T06:32:29.8068413Z Suggested packages:
2026-10-08T06:32:29.8068832Z   ffmpeg-doc libcuda1 libnvcuvid1 libnvidia-encode1 libbluray-bdj jackd2
2026-10-08T06:32:29.8069274Z   libportaudio2 opus-tools pulseaudio libraw1394-doc librsvg2-bin serdi sndiod
2026-10-08T06:32:29.8069612Z   sordi speex opencl-icd
2026-10-08T06:32:29.8069858Z Recommended packages:
2026-10-08T06:32:29.8070134Z   libaacs0 default-libdecor-0-plugin-1 | libdecor-0-plugin-1
2026-10-08T06:32:29.8070572Z   pocketsphinx-en-us librsvg2-common va-driver-all | va-driver
2026-10-08T06:32:29.8070948Z   vdpau-driver-all | vdpau-driver
2026-10-08T06:32:29.8397664Z The following NEW packages will be installed:
2026-10-08T06:32:29.8398587Z   ffmpeg libass9 libasyncns0 libavc1394-0 libavcodec60 libavdevice60
2026-10-08T06:32:29.8399140Z   libavfilter9 libavformat60 libavutil58 libblas3 libbluray2 libbs2b0 libcaca0
2026-10-08T06:32:29.8399759Z   libcdio-cdda2t64 libcdio-paranoia2t64 libcdio19t64 libchromaprint1 libcjson1
2026-10-08T06:32:29.8408342Z   libcodec2-1.2 libdav1d7 libdc1394-25 libdecor-0-0 libflac12t64 libflite1
2026-10-08T06:32:29.8418442Z   libgme0 libgsm1 libhwy1t64 libiec61883-0 libjack-jackd2-0 libjxl0.7
2026-10-08T06:32:29.8418862Z   liblapack3 liblilv-0-0 libmbedcrypto7t64 libmp3lame0 libmpg123-0t64
2026-10-08T06:32:29.8419210Z   libmysofa1 libopenal-data libopenal1 libopenmpt0t64 libopus0 libplacebo338
2026-10-08T06:32:29.8419502Z   libpocketsphinx3 libpostproc57 libpulse0 librav1e0 libraw1394-11 librist4
2026-10-08T06:32:29.8420188Z   librsvg2-2 librubberband2 libsamplerate0 libsdl2-2.0-0 libserd-0-0 libshine3
2026-10-08T06:32:29.8420475Z   libsndfile1 libsndio7.0 libsord-0-0 libsoxr0 libspeex1 libsphinxbase3t64
2026-10-08T06:32:29.8420737Z   libsratom-0-0 libsrt1.5-gnutls libssh-gcrypt-4 libsvtav1enc1d1
2026-10-08T06:32:29.8420999Z   libswresample4 libswscale7 libtheora0 libtwolame0 libudfread0 libunibreak5
2026-10-08T06:32:29.8421304Z   libva-drm2 libva-x11-2 libva2 libvdpau1 libvidstab1.1 libvorbisenc2 libvpl2
2026-10-08T06:32:29.8438757Z   libvpx9 libx264-164 libx265-199 libxcb-shape0 libxv1 libxvidcore4 libzimg2
2026-10-08T06:32:29.8439029Z   libzix-0-0 libzvbi-common libzvbi0t64 ocl-icd-libopencl1
2026-10-08T06:32:29.8571370Z 0 upgraded, 87 newly installed, 0 to remove and 17 not upgraded.
2026-10-08T06:32:29.8571738Z Need to get 62.8 MB of archives.
2026-10-08T06:32:29.8572032Z After this operation, 173 MB of additional disk space will be used.
2026-10-08T06:32:29.8572277Z Get:1 file:/etc/apt/apt-mirrors.txt Mirrorlist [144 B]
2026-10-08T06:32:29.9084225Z Get:2 http://azure.archive.ubuntu.com/ubuntu noble-updates/universe amd64 libva2 amd64 2.20.0-2ubuntu0.2 [66.4 kB]
2026-10-08T06:32:29.9378499Z Get:3 http://azure.archive.ubuntu.com/ubuntu noble-updates/universe amd64 libva-drm2 amd64 2.20.0-2ubuntu0.2 [7124 B]
2026-10-08T06:32:29.9654045Z Get:4 http://azure.archive.ubuntu.com/ubuntu noble-updates/universe amd64 libva-x11-2 amd64 2.20.0-2ubuntu0.2 [12.0 kB]
2026-10-08T06:32:29.9930898Z Get:5 http://azure.archive.ubuntu.com/ubuntu noble/main amd64 libvdpau1 amd64 1.5-2build1 [27.8 kB]
2026-10-08T06:32:30.0209479Z Get:6 http://azure.archive.ubuntu.com/ubuntu noble/universe amd64 libvpl2 amd64 2023.3.0-1build1 [99.8 kB]
2026-10-08T06:32:30.0498240Z Get:7 http://azure.archive.ubuntu.com/ubuntu noble/universe amd64 ocl-icd-libopencl1 amd64 2.3.2-1build1 [38.5 kB]
2026-10-08T06:32:30.0774243Z Get:8 http://azure.archive.ubuntu.com/ubuntu noble/universe amd64 libavutil58 amd64 7:6.1.1-3ubuntu5 [401 kB]
2026-10-08T06:32:30.1065859Z Get:9 http://azure.archive.ubuntu.com/ubuntu noble/universe amd64 libcodec2-1.2 amd64 1.2.0-2build1 [8998 kB]
2026-10-08T06:32:30.2253777Z Get:10 http://azure.archive.ubuntu.com/ubuntu noble/universe amd64 libdav1d7 amd64 1.4.1-1build1 [604 kB]
2026-10-08T06:32:30.2571904Z Get:11 http://azure.archive.ubuntu.com/ubuntu noble/universe amd64 libgsm1 amd64 1.0.22-1build1 [27.8 kB]
2026-10-08T06:32:30.2859792Z Get:12 http://azure.archive.ubuntu.com/ubuntu noble/universe amd64 libhwy1t64 amd64 1.0.7-8.1build1 [584 kB]
2026-10-08T06:32:30.3174764Z Get:13 http://azure.archive.ubuntu.com/ubuntu noble-updates/universe amd64 libjxl0.7 amd64 0.7.0-10.2ubuntu6.1 [1001 kB]
2026-10-08T06:32:30.3504629Z Get:14 http://azure.archive.ubuntu.com/ubuntu noble/main amd64 libmp3lame0 amd64 3.100-6build1 [142 kB]
2026-10-08T06:32:30.3788524Z Get:15 http://azure.archive.ubuntu.com/ubuntu noble/main amd64 libopus0 amd64 1.4-1build1 [208 kB]
2026-10-08T06:32:30.4097631Z Get:16 http://azure.archive.ubuntu.com/ubuntu noble/universe amd64 librav1e0 amd64 0.7.1-2 [1022 kB]
2026-10-08T06:32:30.4418447Z Get:17 http://azure.archive.ubuntu.com/ubuntu noble-updates/main amd64 librsvg2-2 amd64 2.58.0+dfsg-1ubuntu0.1 [2141 kB]
2026-10-08T06:32:30.4800283Z Get:18 http://azure.archive.ubuntu.com/ubuntu noble/universe amd64 libshine3 amd64 3.1.1-2build1 [23.2 kB]
2026-10-08T06:32:30.5109195Z Get:19 http://azure.archive.ubuntu.com/ubuntu noble-updates/main amd64 libspeex1 amd64 1.2.1-2ubuntu2.24.04.1 [59.6 kB]
2026-10-08T06:32:30.5814646Z Get:20 http://azure.archive.ubuntu.com/ubuntu noble/universe amd64 libsvtav1enc1d1 amd64 1.7.0+dfsg-2build1 [2425 kB]
2026-10-08T06:32:30.6248040Z Get:21 http://azure.archive.ubuntu.com/ubuntu noble/universe amd64 libsoxr0 amd64 0.1.3-4build3 [80.0 kB]
2026-10-08T06:32:30.6540903Z Get:22 http://azure.archive.ubuntu.com/ubuntu noble/universe amd64 libswresample4 amd64 7:6.1.1-3ubuntu5 [63.8 kB]
2026-10-08T06:32:30.6856691Z Get:23 http://azure.archive.ubuntu.com/ubuntu noble/main amd64 libtheora0 amd64 1.1.1+dfsg.1-16.1build3 [211 kB]
2026-10-08T06:32:30.7222076Z Get:24 http://azure.archive.ubuntu.com/ubuntu noble/main amd64 libtwolame0 amd64 0.4.0-2build3 [52.3 kB]
2026-10-08T06:32:30.8636247Z Get:25 http://azure.archive.ubuntu.com/ubuntu noble/main amd64 libvorbisenc2 amd64 1.3.7-1build3 [80.8 kB]
2026-10-08T06:32:30.9937448Z Get:26 http://azure.archive.ubuntu.com/ubuntu noble-updates/main amd64 libvpx9 amd64 1.14.0-1ubuntu2.3 [1143 kB]
2026-10-08T06:32:31.0651477Z Get:27 http://azure.archive.ubuntu.com/ubuntu noble/universe amd64 libx264-164 amd64 2:0.164.3108+git31e19f9-1 [604 kB]
2026-10-08T06:32:31.1001563Z Get:28 http://azure.archive.ubuntu.com/ubuntu noble/universe amd64 libx265-199 amd64 3.5-2build1 [1226 kB]
2026-10-08T06:32:31.1393669Z Get:29 http://azure.archive.ubuntu.com/ubuntu noble/universe amd64 libxvidcore4 amd64 2:1.3.7-1build1 [219 kB]
2026-10-08T06:32:31.1687159Z Get:30 http://azure.archive.ubuntu.com/ubuntu noble/universe amd64 libzvbi-common all 0.2.42-2 [42.4 kB]
2026-10-08T06:32:31.1994841Z Get:31 http://azure.archive.ubuntu.com/ubuntu noble/universe amd64 libzvbi0t64 amd64 0.2.42-2 [261 kB]
2026-10-08T06:32:31.2451787Z Get:32 http://azure.archive.ubuntu.com/ubuntu noble/universe amd64 libavcodec60 amd64 7:6.1.1-3ubuntu5 [5851 kB]
2026-10-08T06:32:31.3414563Z Get:33 http://azure.archive.ubuntu.com/ubuntu noble/main amd64 libraw1394-11 amd64 2.1.2-2build3 [26.2 kB]
2026-10-08T06:32:31.3791663Z Get:34 http://azure.archive.ubuntu.com/ubuntu noble/main amd64 libavc1394-0 amd64 0.5.4-5build3 [15.4 kB]
2026-10-08T06:32:31.4403518Z Get:35 http://azure.archive.ubuntu.com/ubuntu noble/universe amd64 libunibreak5 amd64 5.1-2build1 [25.0 kB]
2026-10-08T06:32:31.4708901Z Get:36 http://azure.archive.ubuntu.com/ubuntu noble/universe amd64 libass9 amd64 1:0.17.1-2build1 [104 kB]
2026-10-08T06:32:31.5155932Z Get:37 http://azure.archive.ubuntu.com/ubuntu noble/universe amd64 libudfread0 amd64 1.1.2-1build1 [19.0 kB]
2026-10-08T06:32:31.5509238Z Get:38 http://azure.archive.ubuntu.com/ubuntu noble/universe amd64 libbluray2 amd64 1:1.3.4-1build1 [159 kB]
2026-10-08T06:32:31.6332889Z Get:39 http://azure.archive.ubuntu.com/ubuntu noble/universe amd64 libchromaprint1 amd64 1.5.1-5 [30.5 kB]
2026-10-08T06:32:31.6615810Z Get:40 http://azure.archive.ubuntu.com/ubuntu noble/universe amd64 libgme0 amd64 0.6.3-7build1 [134 kB]
2026-10-08T06:32:31.6955200Z Get:41 http://azure.archive.ubuntu.com/ubuntu noble-updates/main amd64 libmpg123-0t64 amd64 1.32.5-1ubuntu1.1 [169 kB]
2026-10-08T06:32:31.8219194Z Get:42 http://azure.archive.ubuntu.com/ubuntu noble/universe amd64 libopenmpt0t64 amd64 0.7.3-1.1build3 [647 kB]
2026-10-08T06:32:31.9216096Z Get:43 http://azure.archive.ubuntu.com/ubuntu noble/universe amd64 libcjson1 amd64 1.7.17-1 [24.8 kB]
2026-10-08T06:32:32.0470412Z Get:44 http://azure.archive.ubuntu.com/ubuntu noble/universe amd64 libmbedcrypto7t64 amd64 2.28.8-1 [209 kB]
2026-10-08T06:32:32.1368284Z Get:45 http://azure.archive.ubuntu.com/ubuntu noble/universe amd64 librist4 amd64 0.2.10+dfsg-2 [74.9 kB]
2026-10-08T06:32:32.2525031Z Get:46 http://azure.archive.ubuntu.com/ubuntu noble/universe amd64 libsrt1.5-gnutls amd64 1.5.3-1build2 [316 kB]
2026-10-08T06:32:32.3486619Z Get:47 http://azure.archive.ubuntu.com/ubuntu noble-updates/main amd64 libssh-gcrypt-4 amd64 0.10.6-2ubuntu0.5 [226 kB]
2026-10-08T06:32:32.4480314Z Get:48 http://azure.archive.ubuntu.com/ubuntu noble/universe amd64 libavformat60 amd64 7:6.1.1-3ubuntu5 [1153 kB]
2026-10-08T06:32:32.5466607Z Get:49 http://azure.archive.ubuntu.com/ubuntu noble/universe amd64 libbs2b0 amd64 3.1.0+dfsg-7build1 [10.6 kB]
2026-10-08T06:32:32.6626592Z Get:50 http://azure.archive.ubuntu.com/ubuntu noble/universe amd64 libflite1 amd64 2.2-6build3 [13.6 MB]
2026-10-08T06:32:32.9024166Z Get:51 http://azure.archive.ubuntu.com/ubuntu noble/universe amd64 libserd-0-0 amd64 0.32.2-1 [43.6 kB]
2026-10-08T06:32:33.0216449Z Get:52 http://azure.archive.ubuntu.com/ubuntu noble/universe amd64 libzix-0-0 amd64 0.4.2-2build1 [23.6 kB]
2026-10-08T06:32:33.1413869Z Get:53 http://azure.archive.ubuntu.com/ubuntu noble/universe amd64 libsord-0-0 amd64 0.16.16-2build1 [15.8 kB]
2026-10-08T06:32:33.2700501Z Get:54 http://azure.archive.ubuntu.com/ubuntu noble/universe amd64 libsratom-0-0 amd64 0.6.16-1build1 [17.3 kB]
2026-10-08T06:32:33.3930299Z Get:55 http://azure.archive.ubuntu.com/ubuntu noble/universe amd64 liblilv-0-0 amd64 0.24.22-1build1 [41.0 kB]
2026-10-08T06:32:33.5147361Z Get:56 http://azure.archive.ubuntu.com/ubuntu noble/universe amd64 libmysofa1 amd64 1.3.2+dfsg-2ubuntu2 [1158 kB]
2026-10-08T06:32:33.6366636Z Get:57 http://azure.archive.ubuntu.com/ubuntu noble/universe amd64 libplacebo338 amd64 6.338.2-2build1 [2654 kB]
2026-10-08T06:32:33.7972509Z Get:58 http://azure.archive.ubuntu.com/ubuntu noble-updates/main amd64 libblas3 amd64 3.12.0-3build1.1 [238 kB]
2026-10-08T06:32:33.8899644Z Get:59 http://azure.archive.ubuntu.com/ubuntu noble-updates/main amd64 liblapack3 amd64 3.12.0-3build1.1 [2646 kB]
2026-10-08T06:32:34.0078945Z Get:60 http://azure.archive.ubuntu.com/ubuntu noble/main amd64 libasyncns0 amd64 0.8-6build4 [11.3 kB]
2026-10-08T06:32:34.1512835Z Get:61 http://azure.archive.ubuntu.com/ubuntu noble/main amd64 libflac12t64 amd64 1.4.3+ds-2.1ubuntu2 [197 kB]
2026-10-08T06:32:34.3589999Z Get:62 http://azure.archive.ubuntu.com/ubuntu noble-updates/main amd64 libsndfile1 amd64 1.2.2-1ubuntu5.24.04.1 [209 kB]
2026-10-08T06:32:34.4804339Z Get:63 http://azure.archive.ubuntu.com/ubuntu noble-updates/main amd64 libpulse0 amd64 1:16.1+dfsg1-2ubuntu10.1 [292 kB]
2026-10-08T06:32:34.5971268Z Get:64 http://azure.archive.ubuntu.com/ubuntu noble/universe amd64 libsphinxbase3t64 amd64 0.8+5prealpha+1-17build2 [126 kB]
2026-10-08T06:32:34.7084079Z Get:65 http://azure.archive.ubuntu.com/ubuntu noble/universe amd64 libpocketsphinx3 amd64 0.8.0+real5prealpha+1-15ubuntu5 [133 kB]
2026-10-08T06:32:34.8222417Z Get:66 http://azure.archive.ubuntu.com/ubuntu noble/universe amd64 libpostproc57 amd64 7:6.1.1-3ubuntu5 [49.9 kB]
2026-10-08T06:32:34.9245591Z Get:67 http://azure.archive.ubuntu.com/ubuntu noble/main amd64 libsamplerate0 amd64 0.2.2-4build1 [1344 kB]
2026-10-08T06:32:35.0318833Z Get:68 http://azure.archive.ubuntu.com/ubuntu noble/universe amd64 librubberband2 amd64 3.3.0+dfsg-2build1 [130 kB]
2026-10-08T06:32:35.0638040Z Get:69 http://azure.archive.ubuntu.com/ubuntu noble/universe amd64 libswscale7 amd64 7:6.1.1-3ubuntu5 [193 kB]
2026-10-08T06:32:35.0959532Z Get:70 http://azure.archive.ubuntu.com/ubuntu noble/universe amd64 libvidstab1.1 amd64 1.1.0-2build1 [38.5 kB]
2026-10-08T06:32:35.1231984Z Get:71 http://azure.archive.ubuntu.com/ubuntu noble/universe amd64 libzimg2 amd64 3.0.5+ds1-1build1 [254 kB]
2026-10-08T06:32:35.1514748Z Get:72 http://azure.archive.ubuntu.com/ubuntu noble/universe amd64 libavfilter9 amd64 7:6.1.1-3ubuntu5 [4235 kB]
2026-10-08T06:32:35.2217415Z Get:73 http://azure.archive.ubuntu.com/ubuntu noble-updates/main amd64 libcaca0 amd64 0.99.beta20-4ubuntu0.2 [209 kB]
2026-10-08T06:32:35.2500577Z Get:74 http://azure.archive.ubuntu.com/ubuntu noble-updates/main amd64 libcdio19t64 amd64 2.1.0-4.1ubuntu1.2 [62.4 kB]
2026-10-08T06:32:35.2777036Z Get:75 http://azure.archive.ubuntu.com/ubuntu noble/main amd64 libcdio-cdda2t64 amd64 10.2+2.0.1-1.1build2 [16.5 kB]
2026-10-08T06:32:35.3490872Z Get:76 http://azure.archive.ubuntu.com/ubuntu noble/main amd64 libcdio-paranoia2t64 amd64 10.2+2.0.1-1.1build2 [16.6 kB]
2026-10-08T06:32:35.3764095Z Get:77 http://azure.archive.ubuntu.com/ubuntu noble/universe amd64 libdc1394-25 amd64 2.2.6-4build1 [90.1 kB]
2026-10-08T06:32:35.4042555Z Get:78 http://azure.archive.ubuntu.com/ubuntu noble/main amd64 libiec61883-0 amd64 1.2.0-6build1 [24.5 kB]
2026-10-08T06:32:35.4316976Z Get:79 http://azure.archive.ubuntu.com/ubuntu noble/main amd64 libjack-jackd2-0 amd64 1.9.21~dfsg-3ubuntu3 [289 kB]
2026-10-08T06:32:35.4600576Z Get:80 http://azure.archive.ubuntu.com/ubuntu noble/universe amd64 libopenal-data all 1:1.23.1-4build1 [161 kB]
2026-10-08T06:32:35.4880604Z Get:81 http://azure.archive.ubuntu.com/ubuntu noble/universe amd64 libsndio7.0 amd64 1.9.0-0.3build3 [29.6 kB]
2026-10-08T06:32:35.5168095Z Get:82 http://azure.archive.ubuntu.com/ubuntu noble/universe amd64 libopenal1 amd64 1:1.23.1-4build1 [540 kB]
2026-10-08T06:32:35.5462195Z Get:83 http://azure.archive.ubuntu.com/ubuntu noble/main amd64 libdecor-0-0 amd64 0.2.2-1build2 [16.5 kB]
2026-10-08T06:32:35.5737081Z Get:84 http://azure.archive.ubuntu.com/ubuntu noble-updates/main amd64 libsdl2-2.0-0 amd64 2.30.0+dfsg-1ubuntu3.1 [686 kB]
2026-10-08T06:32:35.6035734Z Get:85 http://azure.archive.ubuntu.com/ubuntu noble/main amd64 libxcb-shape0 amd64 1.15-1ubuntu2 [6100 B]
2026-10-08T06:32:35.6308463Z Get:86 http://azure.archive.ubuntu.com/ubuntu noble/main amd64 libxv1 amd64 2:1.0.11-1.1build1 [10.7 kB]
2026-10-08T06:32:35.6583293Z Get:87 http://azure.archive.ubuntu.com/ubuntu noble/universe amd64 libavdevice60 amd64 7:6.1.1-3ubuntu5 [82.3 kB]
2026-10-08T06:32:35.6860919Z Get:88 http://azure.archive.ubuntu.com/ubuntu noble/universe amd64 ffmpeg amd64 7:6.1.1-3ubuntu5 [1879 kB]
2026-10-08T06:32:35.9298946Z Fetched 62.8 MB in 6s (10.8 MB/s)
2026-10-08T06:32:35.9528020Z Selecting previously unselected package libva2:amd64.
2026-10-08T06:32:35.9762244Z (Reading database ... 
2026-10-08T06:32:35.9762496Z (Reading database ... 5%
2026-10-08T06:32:35.9762716Z (Reading database ... 10%
2026-10-08T06:32:35.9762915Z (Reading database ... 15%
2026-10-08T06:32:35.9763302Z (Reading database ... 20%
2026-10-08T06:32:35.9763433Z (Reading database ... 25%
2026-10-08T06:32:35.9763834Z (Reading database ... 30%
2026-10-08T06:32:35.9764038Z (Reading database ... 35%
2026-10-08T06:32:35.9764248Z (Reading database ... 40%
2026-10-08T06:32:35.9764478Z (Reading database ... 45%
2026-10-08T06:32:35.9764691Z (Reading database ... 50%
2026-10-08T06:32:35.9804751Z (Reading database ... 55%
2026-10-08T06:32:36.0583465Z (Reading database ... 60%
2026-10-08T06:32:36.3020088Z (Reading database ... 65%
2026-10-08T06:32:36.4670814Z (Reading database ... 70%
2026-10-08T06:32:36.6660238Z (Reading database ... 75%
2026-10-08T06:32:36.7704578Z (Reading database ... 80%
2026-10-08T06:32:36.9071012Z (Reading database ... 85%
2026-10-08T06:32:37.0658114Z (Reading database ... 90%
2026-10-08T06:32:37.2021580Z (Reading database ... 95%
2026-10-08T06:32:37.2021886Z (Reading database ... 100%
2026-10-08T06:32:37.2022186Z (Reading database ... 203191 files and directories currently installed.)
2026-10-08T06:32:37.2064304Z Preparing to unpack .../00-libva2_2.20.0-2ubuntu0.2_amd64.deb ...
2026-10-08T06:32:37.2093117Z Unpacking libva2:amd64 (2.20.0-2ubuntu0.2) ...
2026-10-08T06:32:37.2295580Z Selecting previously unselected package libva-drm2:amd64.
2026-10-08T06:32:37.2400288Z Preparing to unpack .../01-libva-drm2_2.20.0-2ubuntu0.2_amd64.deb ...
2026-10-08T06:32:37.2408909Z Unpacking libva-drm2:amd64 (2.20.0-2ubuntu0.2) ...
2026-10-08T06:32:37.2719634Z Selecting previously unselected package libva-x11-2:amd64.
2026-10-08T06:32:37.2821577Z Preparing to unpack .../02-libva-x11-2_2.20.0-2ubuntu0.2_amd64.deb ...
2026-10-08T06:32:37.2830071Z Unpacking libva-x11-2:amd64 (2.20.0-2ubuntu0.2) ...
2026-10-08T06:32:37.3023586Z Selecting previously unselected package libvdpau1:amd64.
2026-10-08T06:32:37.3124671Z Preparing to unpack .../03-libvdpau1_1.5-2build1_amd64.deb ...
2026-10-08T06:32:37.3132138Z Unpacking libvdpau1:amd64 (1.5-2build1) ...
2026-10-08T06:32:37.3327295Z Selecting previously unselected package libvpl2.
2026-10-08T06:32:37.3429009Z Preparing to unpack .../04-libvpl2_2023.3.0-1build1_amd64.deb ...
2026-10-08T06:32:37.3439031Z Unpacking libvpl2 (2023.3.0-1build1) ...
2026-10-08T06:32:37.3644815Z Selecting previously unselected package ocl-icd-libopencl1:amd64.
2026-10-08T06:32:37.3745523Z Preparing to unpack .../05-ocl-icd-libopencl1_2.3.2-1build1_amd64.deb ...
2026-10-08T06:32:37.3754041Z Unpacking ocl-icd-libopencl1:amd64 (2.3.2-1build1) ...
2026-10-08T06:32:37.3983353Z Selecting previously unselected package libavutil58:amd64.
2026-10-08T06:32:37.4087005Z Preparing to unpack .../06-libavutil58_7%3a6.1.1-3ubuntu5_amd64.deb ...
2026-10-08T06:32:37.4094541Z Unpacking libavutil58:amd64 (7:6.1.1-3ubuntu5) ...
2026-10-08T06:32:37.4465531Z Selecting previously unselected package libcodec2-1.2:amd64.
2026-10-08T06:32:37.4565623Z Preparing to unpack .../07-libcodec2-1.2_1.2.0-2build1_amd64.deb ...
2026-10-08T06:32:37.4573966Z Unpacking libcodec2-1.2:amd64 (1.2.0-2build1) ...
2026-10-08T06:32:37.6070892Z Selecting previously unselected package libdav1d7:amd64.
2026-10-08T06:32:37.6174032Z Preparing to unpack .../08-libdav1d7_1.4.1-1build1_amd64.deb ...
2026-10-08T06:32:37.6182330Z Unpacking libdav1d7:amd64 (1.4.1-1build1) ...
2026-10-08T06:32:37.6415108Z Selecting previously unselected package libgsm1:amd64.
2026-10-08T06:32:37.6516515Z Preparing to unpack .../09-libgsm1_1.0.22-1build1_amd64.deb ...
2026-10-08T06:32:37.6527584Z Unpacking libgsm1:amd64 (1.0.22-1build1) ...
2026-10-08T06:32:37.6721356Z Selecting previously unselected package libhwy1t64:amd64.
2026-10-08T06:32:37.6821410Z Preparing to unpack .../10-libhwy1t64_1.0.7-8.1build1_amd64.deb ...
2026-10-08T06:32:37.6830013Z Unpacking libhwy1t64:amd64 (1.0.7-8.1build1) ...
2026-10-08T06:32:37.7167132Z Selecting previously unselected package libjxl0.7:amd64.
2026-10-08T06:32:37.7268400Z Preparing to unpack .../11-libjxl0.7_0.7.0-10.2ubuntu6.1_amd64.deb ...
2026-10-08T06:32:37.7276867Z Unpacking libjxl0.7:amd64 (0.7.0-10.2ubuntu6.1) ...
2026-10-08T06:32:37.7884744Z Selecting previously unselected package libmp3lame0:amd64.
2026-10-08T06:32:37.7984543Z Preparing to unpack .../12-libmp3lame0_3.100-6build1_amd64.deb ...
2026-10-08T06:32:37.7993027Z Unpacking libmp3lame0:amd64 (3.100-6build1) ...
2026-10-08T06:32:37.8192663Z Selecting previously unselected package libopus0:amd64.
2026-10-08T06:32:37.8292157Z Preparing to unpack .../13-libopus0_1.4-1build1_amd64.deb ...
2026-10-08T06:32:37.8301307Z Unpacking libopus0:amd64 (1.4-1build1) ...
2026-10-08T06:32:37.8501042Z Selecting previously unselected package librav1e0:amd64.
2026-10-08T06:32:37.8601070Z Preparing to unpack .../14-librav1e0_0.7.1-2_amd64.deb ...
2026-10-08T06:32:37.8608554Z Unpacking librav1e0:amd64 (0.7.1-2) ...
2026-10-08T06:32:37.8970088Z Selecting previously unselected package librsvg2-2:amd64.
2026-10-08T06:32:37.9069511Z Preparing to unpack .../15-librsvg2-2_2.58.0+dfsg-1ubuntu0.1_amd64.deb ...
2026-10-08T06:32:37.9120553Z Unpacking librsvg2-2:amd64 (2.58.0+dfsg-1ubuntu0.1) ...
2026-10-08T06:32:37.9779976Z Selecting previously unselected package libshine3:amd64.
2026-10-08T06:32:37.9878446Z Preparing to unpack .../16-libshine3_3.1.1-2build1_amd64.deb ...
2026-10-08T06:32:37.9886533Z Unpacking libshine3:amd64 (3.1.1-2build1) ...
2026-10-08T06:32:38.0103650Z Selecting previously unselected package libspeex1:amd64.
2026-10-08T06:32:38.0202648Z Preparing to unpack .../17-libspeex1_1.2.1-2ubuntu2.24.04.1_amd64.deb ...
2026-10-08T06:32:38.0211251Z Unpacking libspeex1:amd64 (1.2.1-2ubuntu2.24.04.1) ...
2026-10-08T06:32:38.0410178Z Selecting previously unselected package libsvtav1enc1d1:amd64.
2026-10-08T06:32:38.0511613Z Preparing to unpack .../18-libsvtav1enc1d1_1.7.0+dfsg-2build1_amd64.deb ...
2026-10-08T06:32:38.0624707Z Unpacking libsvtav1enc1d1:amd64 (1.7.0+dfsg-2build1) ...
2026-10-08T06:32:38.1263996Z Selecting previously unselected package libsoxr0:amd64.
2026-10-08T06:32:38.1362932Z Preparing to unpack .../19-libsoxr0_0.1.3-4build3_amd64.deb ...
2026-10-08T06:32:38.1370045Z Unpacking libsoxr0:amd64 (0.1.3-4build3) ...
2026-10-08T06:32:38.1553768Z Selecting previously unselected package libswresample4:amd64.
2026-10-08T06:32:38.1652830Z Preparing to unpack .../20-libswresample4_7%3a6.1.1-3ubuntu5_amd64.deb ...
2026-10-08T06:32:38.1659251Z Unpacking libswresample4:amd64 (7:6.1.1-3ubuntu5) ...
2026-10-08T06:32:38.1845377Z Selecting previously unselected package libtheora0:amd64.
2026-10-08T06:32:38.1944285Z Preparing to unpack .../21-libtheora0_1.1.1+dfsg.1-16.1build3_amd64.deb ...
2026-10-08T06:32:38.1950501Z Unpacking libtheora0:amd64 (1.1.1+dfsg.1-16.1build3) ...
2026-10-08T06:32:38.2339893Z Selecting previously unselected package libtwolame0:amd64.
2026-10-08T06:32:38.2444589Z Preparing to unpack .../22-libtwolame0_0.4.0-2build3_amd64.deb ...
2026-10-08T06:32:38.2452497Z Unpacking libtwolame0:amd64 (0.4.0-2build3) ...
2026-10-08T06:32:38.2641183Z Selecting previously unselected package libvorbisenc2:amd64.
2026-10-08T06:32:38.2740063Z Preparing to unpack .../23-libvorbisenc2_1.3.7-1build3_amd64.deb ...
2026-10-08T06:32:38.2747013Z Unpacking libvorbisenc2:amd64 (1.3.7-1build3) ...
2026-10-08T06:32:38.2949587Z Selecting previously unselected package libvpx9:amd64.
2026-10-08T06:32:38.3049921Z Preparing to unpack .../24-libvpx9_1.14.0-1ubuntu2.3_amd64.deb ...
2026-10-08T06:32:38.3057186Z Unpacking libvpx9:amd64 (1.14.0-1ubuntu2.3) ...
2026-10-08T06:32:38.3362020Z Selecting previously unselected package libx264-164:amd64.
2026-10-08T06:32:38.3461087Z Preparing to unpack .../25-libx264-164_2%3a0.164.3108+git31e19f9-1_amd64.deb ...
2026-10-08T06:32:38.3467983Z Unpacking libx264-164:amd64 (2:0.164.3108+git31e19f9-1) ...
2026-10-08T06:32:38.3973284Z Selecting previously unselected package libx265-199:amd64.
2026-10-08T06:32:38.4071765Z Preparing to unpack .../26-libx265-199_3.5-2build1_amd64.deb ...
2026-10-08T06:32:38.4077938Z Unpacking libx265-199:amd64 (3.5-2build1) ...
2026-10-08T06:32:38.5177189Z Selecting previously unselected package libxvidcore4:amd64.
2026-10-08T06:32:38.5275625Z Preparing to unpack .../27-libxvidcore4_2%3a1.3.7-1build1_amd64.deb ...
2026-10-08T06:32:38.5429466Z Unpacking libxvidcore4:amd64 (2:1.3.7-1build1) ...
2026-10-08T06:32:38.5632979Z Selecting previously unselected package libzvbi-common.
2026-10-08T06:32:38.5733363Z Preparing to unpack .../28-libzvbi-common_0.2.42-2_all.deb ...
2026-10-08T06:32:38.5739748Z Unpacking libzvbi-common (0.2.42-2) ...
2026-10-08T06:32:38.5987545Z Selecting previously unselected package libzvbi0t64:amd64.
2026-10-08T06:32:38.6087504Z Preparing to unpack .../29-libzvbi0t64_0.2.42-2_amd64.deb ...
2026-10-08T06:32:38.6096248Z Unpacking libzvbi0t64:amd64 (0.2.42-2) ...
2026-10-08T06:32:38.6308966Z Selecting previously unselected package libavcodec60:amd64.
2026-10-08T06:32:38.6409818Z Preparing to unpack .../30-libavcodec60_7%3a6.1.1-3ubuntu5_amd64.deb ...
2026-10-08T06:32:38.6416232Z Unpacking libavcodec60:amd64 (7:6.1.1-3ubuntu5) ...
2026-10-08T06:32:38.7958725Z Selecting previously unselected package libraw1394-11:amd64.
2026-10-08T06:32:38.8058832Z Preparing to unpack .../31-libraw1394-11_2.1.2-2build3_amd64.deb ...
2026-10-08T06:32:38.8066121Z Unpacking libraw1394-11:amd64 (2.1.2-2build3) ...
2026-10-08T06:32:38.8246637Z Selecting previously unselected package libavc1394-0:amd64.
2026-10-08T06:32:38.8344765Z Preparing to unpack .../32-libavc1394-0_0.5.4-5build3_amd64.deb ...
2026-10-08T06:32:38.8351899Z Unpacking libavc1394-0:amd64 (0.5.4-5build3) ...
2026-10-08T06:32:38.8530423Z Selecting previously unselected package libunibreak5:amd64.
2026-10-08T06:32:38.8630128Z Preparing to unpack .../33-libunibreak5_5.1-2build1_amd64.deb ...
2026-10-08T06:32:38.8637935Z Unpacking libunibreak5:amd64 (5.1-2build1) ...
2026-10-08T06:32:38.9025417Z Selecting previously unselected package libass9:amd64.
2026-10-08T06:32:38.9125441Z Preparing to unpack .../34-libass9_1%3a0.17.1-2build1_amd64.deb ...
2026-10-08T06:32:38.9132355Z Unpacking libass9:amd64 (1:0.17.1-2build1) ...
2026-10-08T06:32:38.9318368Z Selecting previously unselected package libudfread0:amd64.
2026-10-08T06:32:38.9417869Z Preparing to unpack .../35-libudfread0_1.1.2-1build1_amd64.deb ...
2026-10-08T06:32:38.9424502Z Unpacking libudfread0:amd64 (1.1.2-1build1) ...
2026-10-08T06:32:38.9615512Z Selecting previously unselected package libbluray2:amd64.
2026-10-08T06:32:38.9716218Z Preparing to unpack .../36-libbluray2_1%3a1.3.4-1build1_amd64.deb ...
2026-10-08T06:32:38.9723097Z Unpacking libbluray2:amd64 (1:1.3.4-1build1) ...
2026-10-08T06:32:38.9918674Z Selecting previously unselected package libchromaprint1:amd64.
2026-10-08T06:32:39.0019001Z Preparing to unpack .../37-libchromaprint1_1.5.1-5_amd64.deb ...
2026-10-08T06:32:39.0026090Z Unpacking libchromaprint1:amd64 (1.5.1-5) ...
2026-10-08T06:32:39.0324665Z Selecting previously unselected package libgme0:amd64.
2026-10-08T06:32:39.0425468Z Preparing to unpack .../38-libgme0_0.6.3-7build1_amd64.deb ...
2026-10-08T06:32:39.0432798Z Unpacking libgme0:amd64 (0.6.3-7build1) ...
2026-10-08T06:32:39.0634475Z Selecting previously unselected package libmpg123-0t64:amd64.
2026-10-08T06:32:39.0742389Z Preparing to unpack .../39-libmpg123-0t64_1.32.5-1ubuntu1.1_amd64.deb ...
2026-10-08T06:32:39.0750384Z Unpacking libmpg123-0t64:amd64 (1.32.5-1ubuntu1.1) ...
2026-10-08T06:32:39.0946761Z Selecting previously unselected package libopenmpt0t64:amd64.
2026-10-08T06:32:39.1046943Z Preparing to unpack .../40-libopenmpt0t64_0.7.3-1.1build3_amd64.deb ...
2026-10-08T06:32:39.1053671Z Unpacking libopenmpt0t64:amd64 (0.7.3-1.1build3) ...
2026-10-08T06:32:39.1278334Z Selecting previously unselected package libcjson1:amd64.
2026-10-08T06:32:39.1379937Z Preparing to unpack .../41-libcjson1_1.7.17-1_amd64.deb ...
2026-10-08T06:32:39.1386512Z Unpacking libcjson1:amd64 (1.7.17-1) ...
2026-10-08T06:32:39.1923929Z Selecting previously unselected package libmbedcrypto7t64:amd64.
2026-10-08T06:32:39.2026071Z Preparing to unpack .../42-libmbedcrypto7t64_2.28.8-1_amd64.deb ...
2026-10-08T06:32:39.2032596Z Unpacking libmbedcrypto7t64:amd64 (2.28.8-1) ...
2026-10-08T06:32:39.2233178Z Selecting previously unselected package librist4:amd64.
2026-10-08T06:32:39.2336481Z Preparing to unpack .../43-librist4_0.2.10+dfsg-2_amd64.deb ...
2026-10-08T06:32:39.2344466Z Unpacking librist4:amd64 (0.2.10+dfsg-2) ...
2026-10-08T06:32:39.2524635Z Selecting previously unselected package libsrt1.5-gnutls:amd64.
2026-10-08T06:32:39.2623735Z Preparing to unpack .../44-libsrt1.5-gnutls_1.5.3-1build2_amd64.deb ...
2026-10-08T06:32:39.2631486Z Unpacking libsrt1.5-gnutls:amd64 (1.5.3-1build2) ...
2026-10-08T06:32:39.2839742Z Selecting previously unselected package libssh-gcrypt-4:amd64.
2026-10-08T06:32:39.2939545Z Preparing to unpack .../45-libssh-gcrypt-4_0.10.6-2ubuntu0.5_amd64.deb ...
2026-10-08T06:32:39.2946068Z Unpacking libssh-gcrypt-4:amd64 (0.10.6-2ubuntu0.5) ...
2026-10-08T06:32:39.3147957Z Selecting previously unselected package libavformat60:amd64.
2026-10-08T06:32:39.3246541Z Preparing to unpack .../46-libavformat60_7%3a6.1.1-3ubuntu5_amd64.deb ...
2026-10-08T06:32:39.3252850Z Unpacking libavformat60:amd64 (7:6.1.1-3ubuntu5) ...
2026-10-08T06:32:39.3762072Z Selecting previously unselected package libbs2b0:amd64.
2026-10-08T06:32:39.3860782Z Preparing to unpack .../47-libbs2b0_3.1.0+dfsg-7build1_amd64.deb ...
2026-10-08T06:32:39.3868449Z Unpacking libbs2b0:amd64 (3.1.0+dfsg-7build1) ...
2026-10-08T06:32:39.4067372Z Selecting previously unselected package libflite1:amd64.
2026-10-08T06:32:39.4166223Z Preparing to unpack .../48-libflite1_2.2-6build3_amd64.deb ...
2026-10-08T06:32:39.4172781Z Unpacking libflite1:amd64 (2.2-6build3) ...
2026-10-08T06:32:39.5853212Z Selecting previously unselected package libserd-0-0:amd64.
2026-10-08T06:32:39.5950383Z Preparing to unpack .../49-libserd-0-0_0.32.2-1_amd64.deb ...
2026-10-08T06:32:39.5956406Z Unpacking libserd-0-0:amd64 (0.32.2-1) ...
2026-10-08T06:32:39.6131201Z Selecting previously unselected package libzix-0-0:amd64.
2026-10-08T06:32:39.6229830Z Preparing to unpack .../50-libzix-0-0_0.4.2-2build1_amd64.deb ...
2026-10-08T06:32:39.6236672Z Unpacking libzix-0-0:amd64 (0.4.2-2build1) ...
2026-10-08T06:32:39.6415722Z Selecting previously unselected package libsord-0-0:amd64.
2026-10-08T06:32:39.6514037Z Preparing to unpack .../51-libsord-0-0_0.16.16-2build1_amd64.deb ...
2026-10-08T06:32:39.6521360Z Unpacking libsord-0-0:amd64 (0.16.16-2build1) ...
2026-10-08T06:32:39.6692647Z Selecting previously unselected package libsratom-0-0:amd64.
2026-10-08T06:32:39.6791319Z Preparing to unpack .../52-libsratom-0-0_0.6.16-1build1_amd64.deb ...
2026-10-08T06:32:39.6798002Z Unpacking libsratom-0-0:amd64 (0.6.16-1build1) ...
2026-10-08T06:32:39.6972784Z Selecting previously unselected package liblilv-0-0:amd64.
2026-10-08T06:32:39.7070986Z Preparing to unpack .../53-liblilv-0-0_0.24.22-1build1_amd64.deb ...
2026-10-08T06:32:39.7209995Z Unpacking liblilv-0-0:amd64 (0.24.22-1build1) ...
2026-10-08T06:32:39.7390462Z Selecting previously unselected package libmysofa1:amd64.
2026-10-08T06:32:39.7487896Z Preparing to unpack .../54-libmysofa1_1.3.2+dfsg-2ubuntu2_amd64.deb ...
2026-10-08T06:32:39.7494711Z Unpacking libmysofa1:amd64 (1.3.2+dfsg-2ubuntu2) ...
2026-10-08T06:32:39.7703283Z Selecting previously unselected package libplacebo338:amd64.
2026-10-08T06:32:39.7802338Z Preparing to unpack .../55-libplacebo338_6.338.2-2build1_amd64.deb ...
2026-10-08T06:32:39.7810008Z Unpacking libplacebo338:amd64 (6.338.2-2build1) ...
2026-10-08T06:32:39.8579409Z Selecting previously unselected package libblas3:amd64.
2026-10-08T06:32:39.8678391Z Preparing to unpack .../56-libblas3_3.12.0-3build1.1_amd64.deb ...
2026-10-08T06:32:39.8737282Z Unpacking libblas3:amd64 (3.12.0-3build1.1) ...
2026-10-08T06:32:39.8940803Z Selecting previously unselected package liblapack3:amd64.
2026-10-08T06:32:39.9039226Z Preparing to unpack .../57-liblapack3_3.12.0-3build1.1_amd64.deb ...
2026-10-08T06:32:39.9065264Z Unpacking liblapack3:amd64 (3.12.0-3build1.1) ...
2026-10-08T06:32:41.0024472Z Selecting previously unselected package libasyncns0:amd64.
2026-10-08T06:32:41.0122651Z Preparing to unpack .../58-libasyncns0_0.8-6build4_amd64.deb ...
2026-10-08T06:32:41.1020760Z Unpacking libasyncns0:amd64 (0.8-6build4) ...
2026-10-08T06:32:42.1720702Z Selecting previously unselected package libflac12t64:amd64.
2026-10-08T06:32:42.1821280Z Preparing to unpack .../59-libflac12t64_1.4.3+ds-2.1ubuntu2_amd64.deb ...
2026-10-08T06:32:42.1932036Z Unpacking libflac12t64:amd64 (1.4.3+ds-2.1ubuntu2) ...
2026-10-08T06:32:42.2134583Z Selecting previously unselected package libsndfile1:amd64.
2026-10-08T06:32:42.2232877Z Preparing to unpack .../60-libsndfile1_1.2.2-1ubuntu5.24.04.1_amd64.deb ...
2026-10-08T06:32:42.2239331Z Unpacking libsndfile1:amd64 (1.2.2-1ubuntu5.24.04.1) ...
2026-10-08T06:32:42.2452425Z Selecting previously unselected package libpulse0:amd64.
2026-10-08T06:32:42.2551639Z Preparing to unpack .../61-libpulse0_1%3a16.1+dfsg1-2ubuntu10.1_amd64.deb ...
2026-10-08T06:32:42.2611941Z Unpacking libpulse0:amd64 (1:16.1+dfsg1-2ubuntu10.1) ...
2026-10-08T06:32:42.2828259Z Selecting previously unselected package libsphinxbase3t64:amd64.
2026-10-08T06:32:42.2927564Z Preparing to unpack .../62-libsphinxbase3t64_0.8+5prealpha+1-17build2_amd64.deb ...
2026-10-08T06:32:42.2934346Z Unpacking libsphinxbase3t64:amd64 (0.8+5prealpha+1-17build2) ...
2026-10-08T06:32:42.3130001Z Selecting previously unselected package libpocketsphinx3:amd64.
2026-10-08T06:32:42.3228786Z Preparing to unpack .../63-libpocketsphinx3_0.8.0+real5prealpha+1-15ubuntu5_amd64.deb ...
2026-10-08T06:32:42.3235934Z Unpacking libpocketsphinx3:amd64 (0.8.0+real5prealpha+1-15ubuntu5) ...
2026-10-08T06:32:42.3535565Z Selecting previously unselected package libpostproc57:amd64.
2026-10-08T06:32:42.3633760Z Preparing to unpack .../64-libpostproc57_7%3a6.1.1-3ubuntu5_amd64.deb ...
2026-10-08T06:32:42.3640739Z Unpacking libpostproc57:amd64 (7:6.1.1-3ubuntu5) ...
2026-10-08T06:32:42.3829709Z Selecting previously unselected package libsamplerate0:amd64.
2026-10-08T06:32:42.3928499Z Preparing to unpack .../65-libsamplerate0_0.2.2-4build1_amd64.deb ...
2026-10-08T06:32:42.3935203Z Unpacking libsamplerate0:amd64 (0.2.2-4build1) ...
2026-10-08T06:32:42.4152153Z Selecting previously unselected package librubberband2:amd64.
2026-10-08T06:32:42.4249726Z Preparing to unpack .../66-librubberband2_3.3.0+dfsg-2build1_amd64.deb ...
2026-10-08T06:32:42.4257281Z Unpacking librubberband2:amd64 (3.3.0+dfsg-2build1) ...
2026-10-08T06:32:42.4440408Z Selecting previously unselected package libswscale7:amd64.
2026-10-08T06:32:42.4537703Z Preparing to unpack .../67-libswscale7_7%3a6.1.1-3ubuntu5_amd64.deb ...
2026-10-08T06:32:42.4544646Z Unpacking libswscale7:amd64 (7:6.1.1-3ubuntu5) ...
2026-10-08T06:32:42.4739782Z Selecting previously unselected package libvidstab1.1:amd64.
2026-10-08T06:32:42.4836736Z Preparing to unpack .../68-libvidstab1.1_1.1.0-2build1_amd64.deb ...
2026-10-08T06:32:42.5026269Z Unpacking libvidstab1.1:amd64 (1.1.0-2build1) ...
2026-10-08T06:32:42.5208288Z Selecting previously unselected package libzimg2:amd64.
2026-10-08T06:32:42.5305682Z Preparing to unpack .../69-libzimg2_3.0.5+ds1-1build1_amd64.deb ...
2026-10-08T06:32:42.5312995Z Unpacking libzimg2:amd64 (3.0.5+ds1-1build1) ...
2026-10-08T06:32:42.5512604Z Selecting previously unselected package libavfilter9:amd64.
2026-10-08T06:32:42.5611230Z Preparing to unpack .../70-libavfilter9_7%3a6.1.1-3ubuntu5_amd64.deb ...
2026-10-08T06:32:42.5618158Z Unpacking libavfilter9:amd64 (7:6.1.1-3ubuntu5) ...
2026-10-08T06:32:42.6968306Z Selecting previously unselected package libcaca0:amd64.
2026-10-08T06:32:42.7065116Z Preparing to unpack .../71-libcaca0_0.99.beta20-4ubuntu0.2_amd64.deb ...
2026-10-08T06:32:42.7072517Z Unpacking libcaca0:amd64 (0.99.beta20-4ubuntu0.2) ...
2026-10-08T06:32:42.7276340Z Selecting previously unselected package libcdio19t64:amd64.
2026-10-08T06:32:42.7375284Z Preparing to unpack .../72-libcdio19t64_2.1.0-4.1ubuntu1.2_amd64.deb ...
2026-10-08T06:32:42.7381640Z Unpacking libcdio19t64:amd64 (2.1.0-4.1ubuntu1.2) ...
2026-10-08T06:32:42.7561306Z Selecting previously unselected package libcdio-cdda2t64:amd64.
2026-10-08T06:32:42.7658297Z Preparing to unpack .../73-libcdio-cdda2t64_10.2+2.0.1-1.1build2_amd64.deb ...
2026-10-08T06:32:42.7665516Z Unpacking libcdio-cdda2t64:amd64 (10.2+2.0.1-1.1build2) ...
2026-10-08T06:32:42.7928430Z Selecting previously unselected package libcdio-paranoia2t64:amd64.
2026-10-08T06:32:42.8025991Z Preparing to unpack .../74-libcdio-paranoia2t64_10.2+2.0.1-1.1build2_amd64.deb ...
2026-10-08T06:32:42.8033369Z Unpacking libcdio-paranoia2t64:amd64 (10.2+2.0.1-1.1build2) ...
2026-10-08T06:32:42.8331733Z Selecting previously unselected package libdc1394-25:amd64.
2026-10-08T06:32:42.8431171Z Preparing to unpack .../75-libdc1394-25_2.2.6-4build1_amd64.deb ...
2026-10-08T06:32:42.8437578Z Unpacking libdc1394-25:amd64 (2.2.6-4build1) ...
2026-10-08T06:32:42.8627919Z Selecting previously unselected package libiec61883-0:amd64.
2026-10-08T06:32:42.8727119Z Preparing to unpack .../76-libiec61883-0_1.2.0-6build1_amd64.deb ...
2026-10-08T06:32:42.8734015Z Unpacking libiec61883-0:amd64 (1.2.0-6build1) ...
2026-10-08T06:32:42.8913849Z Selecting previously unselected package libjack-jackd2-0:amd64.
2026-10-08T06:32:42.9012791Z Preparing to unpack .../77-libjack-jackd2-0_1.9.21~dfsg-3ubuntu3_amd64.deb ...
2026-10-08T06:32:42.9019517Z Unpacking libjack-jackd2-0:amd64 (1.9.21~dfsg-3ubuntu3) ...
2026-10-08T06:32:42.9231800Z Selecting previously unselected package libopenal-data.
2026-10-08T06:32:42.9329502Z Preparing to unpack .../78-libopenal-data_1%3a1.23.1-4build1_all.deb ...
2026-10-08T06:32:42.9336445Z Unpacking libopenal-data (1:1.23.1-4build1) ...
2026-10-08T06:32:42.9532341Z Selecting previously unselected package libsndio7.0:amd64.
2026-10-08T06:32:42.9630244Z Preparing to unpack .../79-libsndio7.0_1.9.0-0.3build3_amd64.deb ...
2026-10-08T06:32:42.9636361Z Unpacking libsndio7.0:amd64 (1.9.0-0.3build3) ...
2026-10-08T06:32:42.9972864Z Selecting previously unselected package libopenal1:amd64.
2026-10-08T06:32:43.0069988Z Preparing to unpack .../80-libopenal1_1%3a1.23.1-4build1_amd64.deb ...
2026-10-08T06:32:43.0128058Z Unpacking libopenal1:amd64 (1:1.23.1-4build1) ...
2026-10-08T06:32:43.0339809Z Selecting previously unselected package libdecor-0-0:amd64.
2026-10-08T06:32:43.0436844Z Preparing to unpack .../81-libdecor-0-0_0.2.2-1build2_amd64.deb ...
2026-10-08T06:32:43.0443168Z Unpacking libdecor-0-0:amd64 (0.2.2-1build2) ...
2026-10-08T06:32:43.0628728Z Selecting previously unselected package libsdl2-2.0-0:amd64.
2026-10-08T06:32:43.0726529Z Preparing to unpack .../82-libsdl2-2.0-0_2.30.0+dfsg-1ubuntu3.1_amd64.deb ...
2026-10-08T06:32:43.0735374Z Unpacking libsdl2-2.0-0:amd64 (2.30.0+dfsg-1ubuntu3.1) ...
2026-10-08T06:32:43.1534685Z Selecting previously unselected package libxcb-shape0:amd64.
2026-10-08T06:32:43.1632624Z Preparing to unpack .../83-libxcb-shape0_1.15-1ubuntu2_amd64.deb ...
2026-10-08T06:32:43.1639482Z Unpacking libxcb-shape0:amd64 (1.15-1ubuntu2) ...
2026-10-08T06:32:43.1821304Z Selecting previously unselected package libxv1:amd64.
2026-10-08T06:32:43.1919241Z Preparing to unpack .../84-libxv1_2%3a1.0.11-1.1build1_amd64.deb ...
2026-10-08T06:32:43.1926417Z Unpacking libxv1:amd64 (2:1.0.11-1.1build1) ...
2026-10-08T06:32:43.2107878Z Selecting previously unselected package libavdevice60:amd64.
2026-10-08T06:32:43.2208002Z Preparing to unpack .../85-libavdevice60_7%3a6.1.1-3ubuntu5_amd64.deb ...
2026-10-08T06:32:43.2215031Z Unpacking libavdevice60:amd64 (7:6.1.1-3ubuntu5) ...
2026-10-08T06:32:43.2402424Z Selecting previously unselected package ffmpeg.
2026-10-08T06:32:43.2502290Z Preparing to unpack .../86-ffmpeg_7%3a6.1.1-3ubuntu5_amd64.deb ...
2026-10-08T06:32:43.2507486Z Unpacking ffmpeg (7:6.1.1-3ubuntu5) ...
2026-10-08T06:32:43.3103553Z Setting up libgme0:amd64 (0.6.3-7build1) ...
2026-10-08T06:32:43.3124278Z Setting up libchromaprint1:amd64 (1.5.1-5) ...
2026-10-08T06:32:43.3141834Z Setting up libssh-gcrypt-4:amd64 (0.10.6-2ubuntu0.5) ...
2026-10-08T06:32:43.3158015Z Setting up libhwy1t64:amd64 (1.0.7-8.1build1) ...
2026-10-08T06:32:43.3173416Z Setting up libudfread0:amd64 (1.1.2-1build1) ...
2026-10-08T06:32:43.3191980Z Setting up libraw1394-11:amd64 (2.1.2-2build3) ...
2026-10-08T06:32:43.3206170Z Setting up libspeex1:amd64 (1.2.1-2ubuntu2.24.04.1) ...
2026-10-08T06:32:43.3226224Z Setting up libshine3:amd64 (3.1.1-2build1) ...
2026-10-08T06:32:43.3245929Z Setting up libcaca0:amd64 (0.99.beta20-4ubuntu0.2) ...
2026-10-08T06:32:43.3262023Z Setting up libvpl2 (2023.3.0-1build1) ...
2026-10-08T06:32:43.3278806Z Setting up libx264-164:amd64 (2:0.164.3108+git31e19f9-1) ...
2026-10-08T06:32:43.3293753Z Setting up libtwolame0:amd64 (0.4.0-2build3) ...
2026-10-08T06:32:43.3308236Z Setting up libmbedcrypto7t64:amd64 (2.28.8-1) ...
2026-10-08T06:32:43.3334003Z Setting up libgsm1:amd64 (1.0.22-1build1) ...
2026-10-08T06:32:43.3348603Z Setting up libsoxr0:amd64 (0.1.3-4build3) ...
2026-10-08T06:32:43.3365987Z Setting up libzix-0-0:amd64 (0.4.2-2build1) ...
2026-10-08T06:32:43.3381184Z Setting up libcodec2-1.2:amd64 (1.2.0-2build1) ...
2026-10-08T06:32:43.3395331Z Setting up libmysofa1:amd64 (1.3.2+dfsg-2ubuntu2) ...
2026-10-08T06:32:43.3412382Z Setting up libxcb-shape0:amd64 (1.15-1ubuntu2) ...
2026-10-08T06:32:43.3433578Z Setting up libcdio19t64:amd64 (2.1.0-4.1ubuntu1.2) ...
2026-10-08T06:32:43.3451854Z Setting up libsvtav1enc1d1:amd64 (1.7.0+dfsg-2build1) ...
2026-10-08T06:32:43.3466734Z Setting up libmpg123-0t64:amd64 (1.32.5-1ubuntu1.1) ...
2026-10-08T06:32:43.3482098Z Setting up libcjson1:amd64 (1.7.17-1) ...
2026-10-08T06:32:43.3500301Z Setting up libxvidcore4:amd64 (2:1.3.7-1build1) ...
2026-10-08T06:32:43.3514406Z Setting up librav1e0:amd64 (0.7.1-2) ...
2026-10-08T06:32:43.3537198Z Setting up libcdio-cdda2t64:amd64 (10.2+2.0.1-1.1build2) ...
2026-10-08T06:32:43.3552124Z Setting up librist4:amd64 (0.2.10+dfsg-2) ...
2026-10-08T06:32:43.3567118Z Setting up librsvg2-2:amd64 (2.58.0+dfsg-1ubuntu0.1) ...
2026-10-08T06:32:43.3583994Z Setting up libblas3:amd64 (3.12.0-3build1.1) ...
2026-10-08T06:32:43.3632488Z update-alternatives: using /usr/lib/x86_64-linux-gnu/blas/libblas.so.3 to provide /usr/lib/x86_64-linux-gnu/libblas.so.3 (libblas.so.3-x86_64-linux-gnu) in auto mode
2026-10-08T06:32:43.3646930Z Setting up libplacebo338:amd64 (6.338.2-2build1) ...
2026-10-08T06:32:43.3663586Z Setting up libva2:amd64 (2.20.0-2ubuntu0.2) ...
2026-10-08T06:32:43.3678486Z Setting up libopus0:amd64 (1.4-1build1) ...
2026-10-08T06:32:43.3696303Z Setting up libcdio-paranoia2t64:amd64 (10.2+2.0.1-1.1build2) ...
2026-10-08T06:32:43.3711031Z Setting up libdc1394-25:amd64 (2.2.6-4build1) ...
2026-10-08T06:32:43.3734245Z Setting up libxv1:amd64 (2:1.0.11-1.1build1) ...
2026-10-08T06:32:43.3750834Z Setting up libunibreak5:amd64 (5.1-2build1) ...
2026-10-08T06:32:43.3764947Z Setting up libjxl0.7:amd64 (0.7.0-10.2ubuntu6.1) ...
2026-10-08T06:32:43.3781948Z Setting up libx265-199:amd64 (3.5-2build1) ...
2026-10-08T06:32:43.3796807Z Setting up libsndio7.0:amd64 (1.9.0-0.3build3) ...
2026-10-08T06:32:43.3811499Z Setting up libvidstab1.1:amd64 (1.1.0-2build1) ...
2026-10-08T06:32:43.3832952Z Setting up libvpx9:amd64 (1.14.0-1ubuntu2.3) ...
2026-10-08T06:32:43.3848899Z Setting up libsrt1.5-gnutls:amd64 (1.5.3-1build2) ...
2026-10-08T06:32:43.3865333Z Setting up libflite1:amd64 (2.2-6build3) ...
2026-10-08T06:32:43.3879994Z Setting up libdav1d7:amd64 (1.4.1-1build1) ...
2026-10-08T06:32:43.3894909Z Setting up libva-drm2:amd64 (2.20.0-2ubuntu0.2) ...
2026-10-08T06:32:43.3913534Z Setting up ocl-icd-libopencl1:amd64 (2.3.2-1build1) ...
2026-10-08T06:32:43.3934410Z Setting up libasyncns0:amd64 (0.8-6build4) ...
2026-10-08T06:32:43.3951935Z Setting up libvdpau1:amd64 (1.5-2build1) ...
2026-10-08T06:32:43.3971896Z Setting up libbs2b0:amd64 (3.1.0+dfsg-7build1) ...
2026-10-08T06:32:43.3988082Z Setting up libtheora0:amd64 (1.1.1+dfsg.1-16.1build3) ...
2026-10-08T06:32:43.4003771Z Setting up libdecor-0-0:amd64 (0.2.2-1build2) ...
2026-10-08T06:32:43.4025585Z Setting up libzimg2:amd64 (3.0.5+ds1-1build1) ...
2026-10-08T06:32:43.4043796Z Setting up libopenal-data (1:1.23.1-4build1) ...
2026-10-08T06:32:43.4063536Z Setting up libflac12t64:amd64 (1.4.3+ds-2.1ubuntu2) ...
2026-10-08T06:32:43.4080676Z Setting up libbluray2:amd64 (1:1.3.4-1build1) ...
2026-10-08T06:32:43.4095807Z Setting up libsamplerate0:amd64 (0.2.2-4build1) ...
2026-10-08T06:32:43.4109974Z Setting up libva-x11-2:amd64 (2.20.0-2ubuntu0.2) ...
2026-10-08T06:32:43.4131476Z Setting up libopenmpt0t64:amd64 (0.7.3-1.1build3) ...
2026-10-08T06:32:43.4145674Z Setting up libzvbi-common (0.2.42-2) ...
2026-10-08T06:32:43.4161822Z Setting up libmp3lame0:amd64 (3.100-6build1) ...
2026-10-08T06:32:43.4176456Z Setting up libvorbisenc2:amd64 (1.3.7-1build3) ...
2026-10-08T06:32:43.4198326Z Setting up libiec61883-0:amd64 (1.2.0-6build1) ...
2026-10-08T06:32:43.4213181Z Setting up libserd-0-0:amd64 (0.32.2-1) ...
2026-10-08T06:32:43.4234710Z Setting up libavc1394-0:amd64 (0.5.4-5build3) ...
2026-10-08T06:32:43.4251188Z Setting up liblapack3:amd64 (3.12.0-3build1.1) ...
2026-10-08T06:32:43.4299559Z update-alternatives: using /usr/lib/x86_64-linux-gnu/lapack/liblapack.so.3 to provide /usr/lib/x86_64-linux-gnu/liblapack.so.3 (liblapack.so.3-x86_64-linux-gnu) in auto mode
2026-10-08T06:32:43.4440839Z Setting up libzvbi0t64:amd64 (0.2.42-2) ...
2026-10-08T06:32:43.4457455Z Setting up libavutil58:amd64 (7:6.1.1-3ubuntu5) ...
2026-10-08T06:32:43.4472498Z Setting up libopenal1:amd64 (1:1.23.1-4build1) ...
2026-10-08T06:32:43.4486902Z Setting up libass9:amd64 (1:0.17.1-2build1) ...
2026-10-08T06:32:43.4503443Z Setting up libswresample4:amd64 (7:6.1.1-3ubuntu5) ...
2026-10-08T06:32:43.4521688Z Setting up libavcodec60:amd64 (7:6.1.1-3ubuntu5) ...
2026-10-08T06:32:43.4536834Z Setting up librubberband2:amd64 (3.3.0+dfsg-2build1) ...
2026-10-08T06:32:43.4553169Z Setting up libjack-jackd2-0:amd64 (1.9.21~dfsg-3ubuntu3) ...
2026-10-08T06:32:43.4568042Z Setting up libsord-0-0:amd64 (0.16.16-2build1) ...
2026-10-08T06:32:43.4584876Z Setting up libpostproc57:amd64 (7:6.1.1-3ubuntu5) ...
2026-10-08T06:32:43.4599300Z Setting up libsratom-0-0:amd64 (0.6.16-1build1) ...
2026-10-08T06:32:43.4613955Z Setting up libsndfile1:amd64 (1.2.2-1ubuntu5.24.04.1) ...
2026-10-08T06:32:43.4638601Z Setting up liblilv-0-0:amd64 (0.24.22-1build1) ...
2026-10-08T06:32:43.4657355Z Setting up libswscale7:amd64 (7:6.1.1-3ubuntu5) ...
2026-10-08T06:32:43.4671752Z Setting up libpulse0:amd64 (1:16.1+dfsg1-2ubuntu10.1) ...
2026-10-08T06:32:43.4731493Z Setting up libavformat60:amd64 (7:6.1.1-3ubuntu5) ...
2026-10-08T06:32:43.4746879Z Setting up libsphinxbase3t64:amd64 (0.8+5prealpha+1-17build2) ...
2026-10-08T06:32:43.4763360Z Setting up libsdl2-2.0-0:amd64 (2.30.0+dfsg-1ubuntu3.1) ...
2026-10-08T06:32:43.5151433Z Setting up libpocketsphinx3:amd64 (0.8.0+real5prealpha+1-15ubuntu5) ...
2026-10-08T06:32:43.5165165Z Setting up libavfilter9:amd64 (7:6.1.1-3ubuntu5) ...
2026-10-08T06:32:43.5179389Z Setting up libavdevice60:amd64 (7:6.1.1-3ubuntu5) ...
2026-10-08T06:32:43.5196308Z Setting up ffmpeg (7:6.1.1-3ubuntu5) ...
2026-10-08T06:32:43.5215388Z Processing triggers for man-db (2.12.0-4build2) ...
2026-10-08T06:32:43.5238817Z Not building database; man-db/auto-update is not 'true'.
2026-10-08T06:32:43.5252752Z Processing triggers for libc-bin (2.39-0ubuntu8.9) ...
2026-10-08T06:32:44.1811615Z 
2026-10-08T06:32:44.1812130Z Running kernel seems to be up-to-date.
2026-10-08T06:32:44.1812379Z 
2026-10-08T06:32:44.1812486Z No services need to be restarted.
2026-10-08T06:32:44.1812646Z 
2026-10-08T06:32:44.1812738Z No containers need to be restarted.
2026-10-08T06:32:44.1812897Z 
2026-10-08T06:32:44.1813007Z No user sessions are running outdated binaries.
2026-10-08T06:32:44.1813190Z 
2026-10-08T06:32:44.1813362Z No VM guests are running outdated hypervisor (qemu) binaries on this host.
2026-10-08T06:32:45.3560416Z Looking in indexes: https://download.pytorch.org/whl/cpu
2026-10-08T06:32:45.5479915Z Collecting torch==2.8.0
2026-10-08T06:32:45.6406324Z   Using cached torch-2.8.0%2Bcpu-cp311-cp311-manylinux_2_28_x86_64.whl.metadata (29 kB)
2026-10-08T06:32:45.7083740Z Collecting torchvision==0.23.0
2026-10-08T06:32:45.7440261Z   Using cached torchvision-0.23.0%2Bcpu-cp311-cp311-manylinux_2_28_x86_64.whl.metadata (6.1 kB)
2026-10-08T06:32:45.7656973Z Collecting filelock (from torch==2.8.0)
2026-10-08T06:32:45.7667580Z   Using cached filelock-3.32.3-py3-none-any.whl.metadata (2.0 kB)
2026-10-08T06:32:45.7834095Z Collecting typing-extensions>=4.10.0 (from torch==2.8.0)
2026-10-08T06:32:45.7844461Z   Using cached typing_extensions-4.16.0-py3-none-any.whl.metadata (3.3 kB)
2026-10-08T06:32:45.8008313Z Collecting sympy>=1.13.3 (from torch==2.8.0)
2026-10-08T06:32:45.8017974Z   Using cached sympy-1.14.0-py3-none-any.whl.metadata (12 kB)
2026-10-08T06:32:45.8221941Z Collecting networkx (from torch==2.8.0)
2026-10-08T06:32:45.8231866Z   Using cached networkx-3.6.1-py3-none-any.whl.metadata (6.8 kB)
2026-10-08T06:32:45.8390900Z Collecting jinja2 (from torch==2.8.0)
2026-10-08T06:32:45.8504637Z   Using cached jinja2-3.1.6-py3-none-any.whl.metadata (2.9 kB)
2026-10-08T06:32:45.8706707Z Collecting fsspec (from torch==2.8.0)
2026-10-08T06:32:45.8716873Z   Using cached fsspec-2026.7.0-py3-none-any.whl.metadata (10 kB)
2026-10-08T06:32:46.0231456Z Collecting numpy (from torchvision==0.23.0)
2026-10-08T06:32:46.0244641Z   Using cached numpy-2.4.6-cp311-cp311-manylinux_2_27_x86_64.manylinux_2_28_x86_64.whl.metadata (6.6 kB)
2026-10-08T06:32:46.1423008Z Collecting pillow!=8.3.*,>=5.3.0 (from torchvision==0.23.0)
2026-10-08T06:32:46.1436861Z   Using cached pillow-12.3.0-cp311-cp311-manylinux_2_27_x86_64.manylinux_2_28_x86_64.whl.metadata (9.1 kB)
2026-10-08T06:32:46.1617064Z Collecting mpmath<1.4,>=1.1.0 (from sympy>=1.13.3->torch==2.8.0)
2026-10-08T06:32:46.1627213Z   Using cached mpmath-1.3.0-py3-none-any.whl.metadata (8.6 kB)
2026-10-08T06:32:46.1829162Z Collecting MarkupSafe>=2.0 (from jinja2->torch==2.8.0)
2026-10-08T06:32:46.1951825Z   Using cached markupsafe-3.0.3-cp311-cp311-manylinux2014_x86_64.manylinux_2_17_x86_64.manylinux_2_28_x86_64.whl.metadata (2.7 kB)
2026-10-08T06:32:46.2163029Z Using cached torch-2.8.0%2Bcpu-cp311-cp311-manylinux_2_28_x86_64.whl (184.1 MB)
2026-10-08T06:32:46.2808374Z Using cached torchvision-0.23.0%2Bcpu-cp311-cp311-manylinux_2_28_x86_64.whl (1.9 MB)
2026-10-08T06:32:46.2824565Z Using cached pillow-12.3.0-cp311-cp311-manylinux_2_27_x86_64.manylinux_2_28_x86_64.whl (6.9 MB)
2026-10-08T06:32:46.2852804Z Using cached sympy-1.14.0-py3-none-any.whl (6.3 MB)
2026-10-08T06:32:46.2878612Z Using cached mpmath-1.3.0-py3-none-any.whl (536 kB)
2026-10-08T06:32:46.2889131Z Using cached typing_extensions-4.16.0-py3-none-any.whl (45 kB)
2026-10-08T06:32:46.2897918Z Using cached filelock-3.32.3-py3-none-any.whl (98 kB)
2026-10-08T06:32:46.2906568Z Using cached fsspec-2026.7.0-py3-none-any.whl (206 kB)
2026-10-08T06:32:46.3028936Z Using cached jinja2-3.1.6-py3-none-any.whl (134 kB)
2026-10-08T06:32:46.3152380Z Using cached markupsafe-3.0.3-cp311-cp311-manylinux2014_x86_64.manylinux_2_17_x86_64.manylinux_2_28_x86_64.whl (22 kB)
2026-10-08T06:32:46.3161017Z Using cached networkx-3.6.1-py3-none-any.whl (2.1 MB)
2026-10-08T06:32:46.3174673Z Using cached numpy-2.4.6-cp311-cp311-manylinux_2_27_x86_64.manylinux_2_28_x86_64.whl (16.9 MB)
2026-10-08T06:32:46.6199064Z Installing collected packages: mpmath, typing-extensions, sympy, pillow, numpy, networkx, MarkupSafe, fsspec, filelock, jinja2, torch, torchvision
2026-10-08T06:32:58.2893226Z 
2026-10-08T06:32:58.2899024Z ERROR: pip's dependency resolver does not currently take into account all the packages that are installed. This behaviour is the source of the following dependency conflicts.
2026-10-08T06:32:58.2899538Z mindle-media-ai 0.1.0 requires opencv-python-headless>=5.0, which is not installed.
2026-10-08T06:32:58.2904672Z Successfully installed MarkupSafe-3.0.3 filelock-3.32.3 fsspec-2026.7.0 jinja2-3.1.6 mpmath-1.3.0 networkx-3.6.1 numpy-2.4.6 pillow-12.3.0 sympy-1.14.0 torch-2.8.0+cpu torchvision-0.23.0+cpu typing-extensions-4.16.0
2026-10-08T06:32:58.7141949Z Collecting transformers==4.57.3
2026-10-08T06:32:58.7154185Z   Using cached transformers-4.57.3-py3-none-any.whl.metadata (43 kB)
2026-10-08T06:32:58.8062412Z Collecting huggingface_hub==0.36.0
2026-10-08T06:32:58.8075413Z   Using cached huggingface_hub-0.36.0-py3-none-any.whl.metadata (14 kB)
2026-10-08T06:32:58.8772026Z Collecting safetensors==0.6.2
2026-10-08T06:32:58.8785243Z   Using cached safetensors-0.6.2-cp38-abi3-manylinux_2_17_x86_64.manylinux2014_x86_64.whl.metadata (4.1 kB)
2026-10-08T06:32:58.9129439Z Collecting opencv-python-headless==4.12.0.88
2026-10-08T06:32:58.9143090Z   Using cached opencv_python_headless-4.12.0.88-cp37-abi3-manylinux2014_x86_64.manylinux_2_17_x86_64.whl.metadata (19 kB)
2026-10-08T06:32:58.9537182Z Collecting onnxruntime==1.30.0
2026-10-08T06:32:58.9549486Z   Using cached onnxruntime-1.30.0-cp311-cp311-manylinux_2_28_x86_64.whl.metadata (5.7 kB)
2026-10-08T06:32:59.0861236Z Collecting numpy==2.2.6
2026-10-08T06:32:59.0873833Z   Using cached numpy-2.2.6-cp311-cp311-manylinux_2_17_x86_64.manylinux2014_x86_64.whl.metadata (62 kB)
2026-10-08T06:32:59.1817657Z Collecting Pillow==11.3.0
2026-10-08T06:32:59.1830662Z   Using cached pillow-11.3.0-cp311-cp311-manylinux_2_27_x86_64.manylinux_2_28_x86_64.whl.metadata (9.0 kB)
2026-10-08T06:32:59.2470020Z Collecting pyarrow==21.0.0
2026-10-08T06:32:59.2484295Z   Using cached pyarrow-21.0.0-cp311-cp311-manylinux_2_28_x86_64.whl.metadata (3.3 kB)
2026-10-08T06:32:59.2739371Z Collecting soundfile==0.13.1
2026-10-08T06:32:59.2750140Z   Using cached soundfile-0.13.1-py2.py3-none-manylinux_2_28_x86_64.whl.metadata (16 kB)
2026-10-08T06:32:59.3223294Z Collecting jiwer==4.0.0
2026-10-08T06:32:59.3233580Z   Using cached jiwer-4.0.0-py3-none-any.whl.metadata (3.3 kB)
2026-10-08T06:32:59.3413296Z Collecting requests==2.32.5
2026-10-08T06:32:59.3423418Z   Using cached requests-2.32.5-py3-none-any.whl.metadata (4.9 kB)
2026-10-08T06:32:59.3622742Z Collecting selenium==4.35.0
2026-10-08T06:32:59.3632846Z   Using cached selenium-4.35.0-py3-none-any.whl.metadata (7.4 kB)
2026-10-08T06:32:59.3963267Z Collecting openvino==2025.3.0
2026-10-08T06:32:59.3974007Z   Using cached openvino-2025.3.0-19807-cp311-cp311-manylinux2014_x86_64.whl.metadata (12 kB)
2026-10-08T06:32:59.3990175Z Requirement already satisfied: filelock in /opt/hostedtoolcache/Python/3.11.17/x64/lib/python3.11/site-packages (from transformers==4.57.3) (3.32.3)
2026-10-08T06:32:59.4147940Z Collecting packaging>=20.0 (from transformers==4.57.3)
2026-10-08T06:32:59.4168398Z   Using cached packaging-26.3-py3-none-any.whl.metadata (3.5 kB)
2026-10-08T06:32:59.4412284Z Collecting pyyaml>=5.1 (from transformers==4.57.3)
2026-10-08T06:32:59.4422727Z   Using cached pyyaml-6.0.3-cp311-cp311-manylinux2014_x86_64.manylinux_2_17_x86_64.manylinux_2_28_x86_64.whl.metadata (2.4 kB)
2026-10-08T06:32:59.6581605Z Collecting regex!=2019.12.17 (from transformers==4.57.3)
2026-10-08T06:32:59.6594993Z   Using cached regex-2026.9.29-cp311-cp311-manylinux2014_x86_64.manylinux_2_17_x86_64.manylinux_2_28_x86_64.whl.metadata (40 kB)
2026-10-08T06:32:59.7589783Z Collecting tokenizers<=0.23.0,>=0.22.0 (from transformers==4.57.3)
2026-10-08T06:32:59.7602424Z   Using cached tokenizers-0.22.2-cp39-abi3-manylinux_2_17_x86_64.manylinux2014_x86_64.whl.metadata (7.3 kB)
2026-10-08T06:32:59.7978258Z Collecting tqdm>=4.27 (from transformers==4.57.3)
2026-10-08T06:32:59.7989253Z   Using cached tqdm-4.70.1-py3-none-any.whl.metadata (57 kB)
2026-10-08T06:32:59.8037096Z Requirement already satisfied: fsspec>=2023.5.0 in /opt/hostedtoolcache/Python/3.11.17/x64/lib/python3.11/site-packages (from huggingface_hub==0.36.0) (2026.7.0)
2026-10-08T06:32:59.8064810Z Requirement already satisfied: typing-extensions>=3.7.4.3 in /opt/hostedtoolcache/Python/3.11.17/x64/lib/python3.11/site-packages (from huggingface_hub==0.36.0) (4.16.0)
2026-10-08T06:32:59.8344122Z Collecting hf-xet<2.0.0,>=1.1.3 (from huggingface_hub==0.36.0)
2026-10-08T06:32:59.8356596Z   Using cached hf_xet-1.7.0-cp38-abi3-manylinux2014_x86_64.manylinux_2_17_x86_64.whl.metadata (4.9 kB)
2026-10-08T06:32:59.8521676Z Collecting flatbuffers (from onnxruntime==1.30.0)
2026-10-08T06:32:59.8532170Z   Using cached flatbuffers-25.12.19-py2.py3-none-any.whl.metadata (1.0 kB)
2026-10-08T06:32:59.9302643Z Collecting protobuf>=4.25.8 (from onnxruntime==1.30.0)
2026-10-08T06:32:59.9316268Z   Using cached protobuf-7.36.2-cp310-abi3-manylinux2014_x86_64.whl.metadata (595 bytes)
2026-10-08T06:32:59.9909418Z Collecting cffi>=1.0 (from soundfile==0.13.1)
2026-10-08T06:32:59.9921721Z   Using cached cffi-2.1.1-cp311-cp311-manylinux2014_x86_64.manylinux_2_17_x86_64.whl.metadata (2.5 kB)
2026-10-08T06:33:00.0078463Z Collecting click>=8.1.8 (from jiwer==4.0.0)
2026-10-08T06:33:00.0088133Z   Using cached click-8.5.0-py3-none-any.whl.metadata (2.6 kB)
2026-10-08T06:33:00.3715438Z Collecting rapidfuzz>=3.9.7 (from jiwer==4.0.0)
2026-10-08T06:33:00.3728191Z   Using cached rapidfuzz-3.14.6-cp311-cp311-manylinux_2_27_x86_64.manylinux_2_28_x86_64.whl.metadata (12 kB)
2026-10-08T06:33:00.4423668Z Collecting charset_normalizer<4,>=2 (from requests==2.32.5)
2026-10-08T06:33:00.4436334Z   Using cached charset_normalizer-3.5.2-cp311-cp311-manylinux2014_x86_64.manylinux_2_17_x86_64.manylinux_2_28_x86_64.whl.metadata (46 kB)
2026-10-08T06:33:00.4595131Z Collecting idna<4,>=2.5 (from requests==2.32.5)
2026-10-08T06:33:00.4604913Z   Using cached idna-3.20-py3-none-any.whl.metadata (7.2 kB)
2026-10-08T06:33:00.4783971Z Collecting urllib3<3,>=1.21.1 (from requests==2.32.5)
2026-10-08T06:33:00.4793873Z   Using cached urllib3-2.8.0-py3-none-any.whl.metadata (7.4 kB)
2026-10-08T06:33:00.4955711Z Collecting certifi>=2017.4.17 (from requests==2.32.5)
2026-10-08T06:33:00.4965220Z   Using cached certifi-2026.7.22-py3-none-any.whl.metadata (2.5 kB)
2026-10-08T06:33:00.5119187Z Collecting trio~=0.30.0 (from selenium==4.35.0)
2026-10-08T06:33:00.5129506Z   Using cached trio-0.30.0-py3-none-any.whl.metadata (8.5 kB)
2026-10-08T06:33:00.5262584Z Collecting trio-websocket~=0.12.2 (from selenium==4.35.0)
2026-10-08T06:33:00.5272397Z   Using cached trio_websocket-0.12.2-py3-none-any.whl.metadata (5.1 kB)
2026-10-08T06:33:00.5433202Z Collecting typing-extensions>=3.7.4.3 (from huggingface_hub==0.36.0)
2026-10-08T06:33:00.5443395Z   Using cached typing_extensions-4.14.1-py3-none-any.whl.metadata (3.0 kB)
2026-10-08T06:33:00.5628478Z Collecting websocket-client~=1.8.0 (from selenium==4.35.0)
2026-10-08T06:33:00.5638979Z   Using cached websocket_client-1.8.0-py3-none-any.whl.metadata (8.0 kB)
2026-10-08T06:33:00.5809437Z Collecting openvino-telemetry>=2023.2.1 (from openvino==2025.3.0)
2026-10-08T06:33:00.5819022Z   Using cached openvino_telemetry-2025.2.0-py3-none-any.whl.metadata (2.3 kB)
2026-10-08T06:33:00.5993820Z Collecting attrs>=23.2.0 (from trio~=0.30.0->selenium==4.35.0)
2026-10-08T06:33:00.6003837Z   Using cached attrs-26.1.0-py3-none-any.whl.metadata (8.8 kB)
2026-10-08T06:33:00.6148044Z Collecting sortedcontainers (from trio~=0.30.0->selenium==4.35.0)
2026-10-08T06:33:00.6157972Z   Using cached sortedcontainers-2.4.0-py2.py3-none-any.whl.metadata (10 kB)
2026-10-08T06:33:00.6285456Z Collecting outcome (from trio~=0.30.0->selenium==4.35.0)
2026-10-08T06:33:00.6294951Z   Using cached outcome-1.3.0.post0-py2.py3-none-any.whl.metadata (2.6 kB)
2026-10-08T06:33:00.6418383Z Collecting sniffio>=1.3.0 (from trio~=0.30.0->selenium==4.35.0)
2026-10-08T06:33:00.6427868Z   Using cached sniffio-1.3.1-py3-none-any.whl.metadata (3.9 kB)
2026-10-08T06:33:00.6571786Z Collecting wsproto>=0.14 (from trio-websocket~=0.12.2->selenium==4.35.0)
2026-10-08T06:33:00.6581296Z   Using cached wsproto-1.3.2-py3-none-any.whl.metadata (5.2 kB)
2026-10-08T06:33:00.6725337Z Collecting pysocks!=1.5.7,<2.0,>=1.5.6 (from urllib3[socks]<3.0,>=2.5.0->selenium==4.35.0)
2026-10-08T06:33:00.6734986Z   Using cached PySocks-1.7.1-py3-none-any.whl.metadata (13 kB)
2026-10-08T06:33:00.7012894Z Collecting pycparser (from cffi>=1.0->soundfile==0.13.1)
2026-10-08T06:33:00.7023165Z   Using cached pycparser-3.0-py3-none-any.whl.metadata (8.2 kB)
2026-10-08T06:33:00.7210579Z Collecting h11<1,>=0.16.0 (from wsproto>=0.14->trio-websocket~=0.12.2->selenium==4.35.0)
2026-10-08T06:33:00.7219397Z   Using cached h11-0.16.0-py3-none-any.whl.metadata (8.3 kB)
2026-10-08T06:33:00.7252224Z Using cached transformers-4.57.3-py3-none-any.whl (12.0 MB)
2026-10-08T06:33:00.7290816Z Using cached huggingface_hub-0.36.0-py3-none-any.whl (566 kB)
2026-10-08T06:33:00.7300387Z Using cached safetensors-0.6.2-cp38-abi3-manylinux_2_17_x86_64.manylinux2014_x86_64.whl (485 kB)
2026-10-08T06:33:00.7309423Z Using cached opencv_python_headless-4.12.0.88-cp37-abi3-manylinux2014_x86_64.manylinux_2_17_x86_64.whl (54.0 MB)
2026-10-08T06:33:00.7451050Z Using cached numpy-2.2.6-cp311-cp311-manylinux_2_17_x86_64.manylinux2014_x86_64.whl (16.8 MB)
2026-10-08T06:33:00.7501544Z Using cached onnxruntime-1.30.0-cp311-cp311-manylinux_2_28_x86_64.whl (23.6 MB)
2026-10-08T06:33:00.7566719Z Using cached pillow-11.3.0-cp311-cp311-manylinux_2_27_x86_64.manylinux_2_28_x86_64.whl (6.6 MB)
2026-10-08T06:33:00.7591100Z Using cached pyarrow-21.0.0-cp311-cp311-manylinux_2_28_x86_64.whl (42.8 MB)
2026-10-08T06:33:00.7700585Z Using cached soundfile-0.13.1-py2.py3-none-manylinux_2_28_x86_64.whl (1.3 MB)
2026-10-08T06:33:00.7712621Z Using cached jiwer-4.0.0-py3-none-any.whl (23 kB)
2026-10-08T06:33:00.7721638Z Using cached requests-2.32.5-py3-none-any.whl (64 kB)
2026-10-08T06:33:00.7730139Z Using cached selenium-4.35.0-py3-none-any.whl (9.6 MB)
2026-10-08T06:33:00.7760489Z Using cached openvino-2025.3.0-19807-cp311-cp311-manylinux2014_x86_64.whl (49.0 MB)
2026-10-08T06:33:00.7883784Z Using cached charset_normalizer-3.5.2-cp311-cp311-manylinux2014_x86_64.manylinux_2_17_x86_64.manylinux_2_28_x86_64.whl (269 kB)
2026-10-08T06:33:00.7893670Z Using cached hf_xet-1.7.0-cp38-abi3-manylinux2014_x86_64.manylinux_2_17_x86_64.whl (4.2 MB)
2026-10-08T06:33:00.7912664Z Using cached idna-3.20-py3-none-any.whl (69 kB)
2026-10-08T06:33:00.7921928Z Using cached tokenizers-0.22.2-cp39-abi3-manylinux_2_17_x86_64.manylinux2014_x86_64.whl (3.3 MB)
2026-10-08T06:33:00.7938025Z Using cached trio-0.30.0-py3-none-any.whl (499 kB)
2026-10-08T06:33:00.7947258Z Using cached trio_websocket-0.12.2-py3-none-any.whl (21 kB)
2026-10-08T06:33:00.7955219Z Using cached typing_extensions-4.14.1-py3-none-any.whl (43 kB)
2026-10-08T06:33:00.7963006Z Using cached urllib3-2.8.0-py3-none-any.whl (135 kB)
2026-10-08T06:33:00.7970975Z Using cached PySocks-1.7.1-py3-none-any.whl (16 kB)
2026-10-08T06:33:00.7978648Z Using cached websocket_client-1.8.0-py3-none-any.whl (58 kB)
2026-10-08T06:33:00.7986352Z Using cached attrs-26.1.0-py3-none-any.whl (67 kB)
2026-10-08T06:33:00.7993981Z Using cached certifi-2026.7.22-py3-none-any.whl (136 kB)
2026-10-08T06:33:00.8002001Z Using cached cffi-2.1.1-cp311-cp311-manylinux2014_x86_64.manylinux_2_17_x86_64.whl (217 kB)
2026-10-08T06:33:00.8009770Z Using cached click-8.5.0-py3-none-any.whl (125 kB)
2026-10-08T06:33:00.8017583Z Using cached openvino_telemetry-2025.2.0-py3-none-any.whl (25 kB)
2026-10-08T06:33:00.8025235Z Using cached outcome-1.3.0.post0-py2.py3-none-any.whl (10 kB)
2026-10-08T06:33:00.8032610Z Using cached packaging-26.3-py3-none-any.whl (129 kB)
2026-10-08T06:33:00.8040452Z Using cached protobuf-7.36.2-cp310-abi3-manylinux2014_x86_64.whl (343 kB)
2026-10-08T06:33:00.8048998Z Using cached pyyaml-6.0.3-cp311-cp311-manylinux2014_x86_64.manylinux_2_17_x86_64.manylinux_2_28_x86_64.whl (806 kB)
2026-10-08T06:33:00.8058569Z Using cached rapidfuzz-3.14.6-cp311-cp311-manylinux_2_27_x86_64.manylinux_2_28_x86_64.whl (3.2 MB)
2026-10-08T06:33:00.8073419Z Using cached regex-2026.9.29-cp311-cp311-manylinux2014_x86_64.manylinux_2_17_x86_64.manylinux_2_28_x86_64.whl (804 kB)
2026-10-08T06:33:00.8082525Z Using cached sniffio-1.3.1-py3-none-any.whl (10 kB)
2026-10-08T06:33:00.8089985Z Using cached tqdm-4.70.1-py3-none-any.whl (80 kB)
2026-10-08T06:33:00.8097455Z Using cached wsproto-1.3.2-py3-none-any.whl (24 kB)
2026-10-08T06:33:00.8105067Z Using cached h11-0.16.0-py3-none-any.whl (37 kB)
2026-10-08T06:33:00.8112744Z Using cached flatbuffers-25.12.19-py2.py3-none-any.whl (26 kB)
2026-10-08T06:33:00.8120425Z Using cached pycparser-3.0-py3-none-any.whl (48 kB)
2026-10-08T06:33:00.8127951Z Using cached sortedcontainers-2.4.0-py2.py3-none-any.whl (29 kB)
2026-10-08T06:33:01.0640062Z Installing collected packages: sortedcontainers, openvino-telemetry, flatbuffers, websocket-client, urllib3, typing-extensions, tqdm, sniffio, safetensors, regex, rapidfuzz, pyyaml, pysocks, pycparser, pyarrow, protobuf, Pillow, packaging, numpy, idna, hf-xet, h11, click, charset_normalizer, certifi, attrs, wsproto, requests, outcome, openvino, opencv-python-headless, onnxruntime, jiwer, cffi, trio, soundfile, huggingface_hub, trio-websocket, tokenizers, transformers, selenium
2026-10-08T06:33:01.1661715Z   Attempting uninstall: typing-extensions
2026-10-08T06:33:01.1671928Z     Found existing installation: typing_extensions 4.16.0
2026-10-08T06:33:01.1681591Z     Uninstalling typing_extensions-4.16.0:
2026-10-08T06:33:01.4004493Z       Successfully uninstalled typing_extensions-4.16.0
2026-10-08T06:33:02.5199959Z   Attempting uninstall: Pillow
2026-10-08T06:33:02.5211764Z     Found existing installation: pillow 12.3.0
2026-10-08T06:33:02.5259508Z     Uninstalling pillow-12.3.0:
2026-10-08T06:33:02.5269391Z       Successfully uninstalled pillow-12.3.0
2026-10-08T06:33:02.7821400Z   Attempting uninstall: numpy
2026-10-08T06:33:02.7831753Z     Found existing installation: numpy 2.4.6
2026-10-08T06:33:02.8105498Z     Uninstalling numpy-2.4.6:
2026-10-08T06:33:02.8162212Z       Successfully uninstalled numpy-2.4.6
2026-10-08T06:33:12.0733244Z 
2026-10-08T06:33:12.0739462Z ERROR: pip's dependency resolver does not currently take into account all the packages that are installed. This behaviour is the source of the following dependency conflicts.
2026-10-08T06:33:12.0740700Z mindle-media-ai 0.1.0 requires opencv-python-headless>=5.0, but you have opencv-python-headless 4.12.0.88 which is incompatible.
2026-10-08T06:33:12.0753558Z Successfully installed Pillow-11.3.0 attrs-26.1.0 certifi-2026.7.22 cffi-2.1.1 charset_normalizer-3.5.2 click-8.5.0 flatbuffers-25.12.19 h11-0.16.0 hf-xet-1.7.0 huggingface_hub-0.36.0 idna-3.20 jiwer-4.0.0 numpy-2.2.6 onnxruntime-1.30.0 opencv-python-headless-4.12.0.88 openvino-2025.3.0 openvino-telemetry-2025.2.0 outcome-1.3.0.post0 packaging-26.3 protobuf-7.36.2 pyarrow-21.0.0 pycparser-3.0 pysocks-1.7.1 pyyaml-6.0.3 rapidfuzz-3.14.6 regex-2026.9.29 requests-2.32.5 safetensors-0.6.2 selenium-4.35.0 sniffio-1.3.1 sortedcontainers-2.4.0 soundfile-0.13.1 tokenizers-0.22.2 tqdm-4.70.1 transformers-4.57.3 trio-0.30.0 trio-websocket-0.12.2 typing-extensions-4.14.1 urllib3-2.8.0 websocket-client-1.8.0 wsproto-1.3.2
2026-10-08T06:33:12.3338905Z ##[group]Run actions/download-artifact@v4
2026-10-08T06:33:12.3339090Z with:
2026-10-08T06:33:12.3339248Z   name: mindle-media-approved-ui-product-e2e-evidence
2026-10-08T06:33:12.3339433Z   run-id: 37735046818
2026-10-08T06:33:12.3341091Z   github-token: ***
2026-10-08T06:33:12.3341224Z   path: frozen_product_checkpoint
2026-10-08T06:33:12.3341380Z   merge-multiple: false
2026-10-08T06:33:12.3341526Z   repository: ADAMBUILD-ai/mindle-media-ai
2026-10-08T06:33:12.3341685Z env:
2026-10-08T06:33:12.3341831Z   HF_TOKEN: ***
2026-10-08T06:33:12.3341983Z   MARKETING_SHORTFORM_BASE_URL: http://127.0.0.1:4318
2026-10-08T06:33:12.3342182Z   MARKETING_SHORTFORM_BRIDGE_TOKEN: 
2026-10-08T06:33:12.3342340Z   HF_HUB_DISABLE_TELEMETRY: 1
2026-10-08T06:33:12.3342478Z   HF_HUB_DISABLE_XET: 1
2026-10-08T06:33:12.3342610Z   CUDA_VISIBLE_DEVICES: 
2026-10-08T06:33:12.3342737Z   PYTHONPATH: src
2026-10-08T06:33:12.3342865Z   TOKENIZERS_PARALLELISM: false
2026-10-08T06:33:12.3343053Z   OMP_NUM_THREADS: 2
2026-10-08T06:33:12.3343174Z   MKL_NUM_THREADS: 2
2026-10-08T06:33:12.3343338Z   pythonLocation: /opt/hostedtoolcache/Python/3.11.17/x64
2026-10-08T06:33:12.3343586Z   PKG_CONFIG_PATH: /opt/hostedtoolcache/Python/3.11.17/x64/lib/pkgconfig
2026-10-08T06:33:12.3343829Z   Python_ROOT_DIR: /opt/hostedtoolcache/Python/3.11.17/x64
2026-10-08T06:33:12.3344051Z   Python2_ROOT_DIR: /opt/hostedtoolcache/Python/3.11.17/x64
2026-10-08T06:33:12.3344274Z   Python3_ROOT_DIR: /opt/hostedtoolcache/Python/3.11.17/x64
2026-10-08T06:33:12.3344496Z   LD_LIBRARY_PATH: /opt/hostedtoolcache/Python/3.11.17/x64/lib
2026-10-08T06:33:12.3344840Z ##[endgroup]
2026-10-08T06:33:12.4358556Z Downloading single artifact
2026-10-08T06:33:12.4420240Z (node:3422) [DEP0040] DeprecationWarning: The `punycode` module is deprecated. Please use a userland alternative instead.
2026-10-08T06:33:12.4420671Z (Use `node --trace-deprecation ...` to show where the warning was created)
2026-10-08T06:33:12.4559136Z (node:3422) [DEP0169] DeprecationWarning: `url.parse()` behavior is not standardized and prone to errors that have security implications. Use the WHATWG URL API instead. CVEs are not issued for `url.parse()` vulnerabilities.
2026-10-08T06:33:12.6713771Z Preparing to download the following artifacts:
2026-10-08T06:33:12.6714304Z - mindle-media-approved-ui-product-e2e-evidence (ID: 11531386885, Size: 230499426, Expected Digest: sha256:a5899732ca87c5a0362f4b4d1ad8e3aa76c21992abc11827419a4cc861852efc)
2026-10-08T06:33:12.6738263Z Downloading artifact '11531386885' from 'ADAMBUILD-ai/mindle-media-ai'
2026-10-08T06:33:12.8426789Z Redirecting to blob download url: https://productionresultssa12.blob.core.windows.net/actions-results/09eafaea-6a22-8acd-90fb-0a6b0f95d4eb/workflow-job-run-643df6c9-3a59-538d-8729-69288c4064f5/artifacts/1309f46c99b1e85e38eceb2071ac2e294d43ee3d3b8c92e11b3e8fa19b4b59a8.zip
2026-10-08T06:33:12.8428423Z Starting download of artifact to: /home/runner/work/mindle-media-ai/mindle-media-ai/frozen_product_checkpoint
2026-10-08T06:33:13.0183209Z (node:3422) [DEP0005] DeprecationWarning: Buffer() is deprecated due to security and usability issues. Please use the Buffer.alloc(), Buffer.allocUnsafe(), or Buffer.from() methods instead.
2026-10-08T06:33:23.5698141Z SHA256 digest of downloaded artifact is a5899732ca87c5a0362f4b4d1ad8e3aa76c21992abc11827419a4cc861852efc
2026-10-08T06:33:23.5698746Z Artifact download completed successfully.
2026-10-08T06:33:23.5699981Z Total of 1 artifact(s) downloaded
2026-10-08T06:33:23.5704060Z Download artifact has finished successfully
2026-10-08T06:33:23.5854560Z ##[group]Run mkdir -p docs/evidence/media-ai-product-e2e-full-pass-20261008
2026-10-08T06:33:23.5854928Z [36;1mmkdir -p docs/evidence/media-ai-product-e2e-full-pass-20261008[0m
2026-10-08T06:33:23.5855168Z [36;1mpython -m pip install "pytest>=9,<10"[0m
2026-10-08T06:33:23.5855349Z [36;1mpython -m pip check[0m
2026-10-08T06:33:23.5855500Z [36;1mset -o pipefail[0m
2026-10-08T06:33:23.5855994Z [36;1m{ python scripts/validate_pc_work_control_plane.py && python -m pytest -q && node --test ui/interaction.test.js ui/ssot_structure.test.js; } 2>&1 | tee docs/evidence/media-ai-product-e2e-full-pass-20261008/BASELINE_CI_PASS.log[0m
2026-10-08T06:33:23.5913981Z shell: /usr/bin/bash --noprofile --norc -e -o pipefail {0}
2026-10-08T06:33:23.5914224Z env:
2026-10-08T06:33:23.5914562Z   HF_TOKEN: ***
2026-10-08T06:33:23.5914743Z   MARKETING_SHORTFORM_BASE_URL: http://127.0.0.1:4318
2026-10-08T06:33:23.5914947Z   MARKETING_SHORTFORM_BRIDGE_TOKEN: 
2026-10-08T06:33:23.5915176Z   HF_HUB_DISABLE_TELEMETRY: 1
2026-10-08T06:33:23.5915332Z   HF_HUB_DISABLE_XET: 1
2026-10-08T06:33:23.5915488Z   CUDA_VISIBLE_DEVICES: 
2026-10-08T06:33:23.5915627Z   PYTHONPATH: src
2026-10-08T06:33:23.5915767Z   TOKENIZERS_PARALLELISM: false
2026-10-08T06:33:23.5915929Z   OMP_NUM_THREADS: 2
2026-10-08T06:33:23.5916072Z   MKL_NUM_THREADS: 2
2026-10-08T06:33:23.5916248Z   pythonLocation: /opt/hostedtoolcache/Python/3.11.17/x64
2026-10-08T06:33:23.5916518Z   PKG_CONFIG_PATH: /opt/hostedtoolcache/Python/3.11.17/x64/lib/pkgconfig
2026-10-08T06:33:23.5916782Z   Python_ROOT_DIR: /opt/hostedtoolcache/Python/3.11.17/x64
2026-10-08T06:33:23.5917023Z   Python2_ROOT_DIR: /opt/hostedtoolcache/Python/3.11.17/x64
2026-10-08T06:33:23.5917263Z   Python3_ROOT_DIR: /opt/hostedtoolcache/Python/3.11.17/x64
2026-10-08T06:33:23.5917516Z   LD_LIBRARY_PATH: /opt/hostedtoolcache/Python/3.11.17/x64/lib
2026-10-08T06:33:23.5917973Z ##[endgroup]
2026-10-08T06:33:23.9914088Z Collecting pytest<10,>=9
2026-10-08T06:33:24.0495991Z   Downloading pytest-9.1.1-py3-none-any.whl.metadata (7.6 kB)
2026-10-08T06:33:24.0660681Z Collecting iniconfig>=1.0.1 (from pytest<10,>=9)
2026-10-08T06:33:24.0763094Z   Downloading iniconfig-2.3.1-py3-none-any.whl.metadata (2.8 kB)
2026-10-08T06:33:24.0788972Z Requirement already satisfied: packaging>=22 in /opt/hostedtoolcache/Python/3.11.17/x64/lib/python3.11/site-packages (from pytest<10,>=9) (26.3)
2026-10-08T06:33:24.0927590Z Collecting pluggy<2,>=1.5 (from pytest<10,>=9)
2026-10-08T06:33:24.1027517Z   Downloading pluggy-1.6.0-py3-none-any.whl.metadata (4.8 kB)
2026-10-08T06:33:24.1349931Z Collecting pygments>=2.7.2 (from pytest<10,>=9)
2026-10-08T06:33:24.1451378Z   Downloading pygments-2.21.0-py3-none-any.whl.metadata (2.5 kB)
2026-10-08T06:33:24.1590214Z Downloading pytest-9.1.1-py3-none-any.whl (386 kB)
2026-10-08T06:33:24.2106555Z Downloading pluggy-1.6.0-py3-none-any.whl (20 kB)
2026-10-08T06:33:24.2414124Z Downloading iniconfig-2.3.1-py3-none-any.whl (7.6 kB)
2026-10-08T06:33:24.2527329Z Downloading pygments-2.21.0-py3-none-any.whl (1.3 MB)
2026-10-08T06:33:24.3106194Z    ━━━━━━━━━━━━━━━━━━━━━━━━━━━━━━━━━━━━━━━━ 1.3/1.3 MB 21.8 MB/s  0:00:00
2026-10-08T06:33:24.3619723Z Installing collected packages: pygments, pluggy, iniconfig, pytest
2026-10-08T06:33:24.9010082Z 
2026-10-08T06:33:24.9024482Z Successfully installed iniconfig-2.3.1 pluggy-1.6.0 pygments-2.21.0 pytest-9.1.1
2026-10-08T06:33:25.1176589Z mindle-media-ai 0.1.0 has requirement opencv-python-headless>=5.0, but you have opencv-python-headless 4.12.0.88.
2026-10-08T06:33:25.1471611Z ##[error]Process completed with exit code 1.
2026-10-08T06:33:25.1524269Z ##[group]Run actions/upload-artifact@v4
2026-10-08T06:33:25.1524442Z with:
2026-10-08T06:33:25.1524596Z   name: mindle-media-product-e2e-full-pass-evidence
2026-10-08T06:33:25.1524782Z   retention-days: 90
2026-10-08T06:33:25.1524915Z   if-no-files-found: warn
2026-10-08T06:33:25.1525602Z   path: docs/evidence/media-ai-product-e2e-full-pass-20261008/**
product_e2e_evidence/downloads/**
product_e2e_evidence/inputs/**
product_e2e_evidence/product_data/inputs/**
product_e2e_evidence/product_data/jobs/**
product_e2e_evidence/product_data/projects/**
product_e2e_evidence/logs/**
product_e2e_evidence/PRODUCT_E2E_EVIDENCE.json

2026-10-08T06:33:25.1526319Z   compression-level: 6
2026-10-08T06:33:25.1526451Z   overwrite: false
2026-10-08T06:33:25.1526580Z   include-hidden-files: false
2026-10-08T06:33:25.1526720Z env:
2026-10-08T06:33:25.1526950Z   HF_TOKEN: ***
2026-10-08T06:33:25.1527116Z   MARKETING_SHORTFORM_BASE_URL: http://127.0.0.1:4318
2026-10-08T06:33:25.1527328Z   MARKETING_SHORTFORM_BRIDGE_TOKEN: 
2026-10-08T06:33:25.1527485Z   HF_HUB_DISABLE_TELEMETRY: 1
2026-10-08T06:33:25.1527623Z   HF_HUB_DISABLE_XET: 1
2026-10-08T06:33:25.1527967Z   CUDA_VISIBLE_DEVICES: 
2026-10-08T06:33:25.1528098Z   PYTHONPATH: src
2026-10-08T06:33:25.1528225Z   TOKENIZERS_PARALLELISM: false
2026-10-08T06:33:25.1528369Z   OMP_NUM_THREADS: 2
2026-10-08T06:33:25.1528492Z   MKL_NUM_THREADS: 2
2026-10-08T06:33:25.1528654Z   pythonLocation: /opt/hostedtoolcache/Python/3.11.17/x64
2026-10-08T06:33:25.1528901Z   PKG_CONFIG_PATH: /opt/hostedtoolcache/Python/3.11.17/x64/lib/pkgconfig
2026-10-08T06:33:25.1529151Z   Python_ROOT_DIR: /opt/hostedtoolcache/Python/3.11.17/x64
2026-10-08T06:33:25.1529370Z   Python2_ROOT_DIR: /opt/hostedtoolcache/Python/3.11.17/x64
2026-10-08T06:33:25.1529589Z   Python3_ROOT_DIR: /opt/hostedtoolcache/Python/3.11.17/x64
2026-10-08T06:33:25.1529815Z   LD_LIBRARY_PATH: /opt/hostedtoolcache/Python/3.11.17/x64/lib
2026-10-08T06:33:25.1530003Z ##[endgroup]
2026-10-08T06:33:25.2624903Z (node:3465) [DEP0040] DeprecationWarning: The `punycode` module is deprecated. Please use a userland alternative instead.
2026-10-08T06:33:25.2625461Z (Use `node --trace-deprecation ...` to show where the warning was created)
2026-10-08T06:33:25.2704969Z Multiple search paths detected. Calculating the least common ancestor of all paths
2026-10-08T06:33:25.2712767Z The least common ancestor is /home/runner/work/mindle-media-ai/mindle-media-ai. This will be the root directory of the artifact
2026-10-08T06:33:25.2731032Z ##[warning]No files were found with the provided path: docs/evidence/media-ai-product-e2e-full-pass-20261008/**
product_e2e_evidence/downloads/**
product_e2e_evidence/inputs/**
product_e2e_evidence/product_data/inputs/**
product_e2e_evidence/product_data/jobs/**
product_e2e_evidence/product_data/projects/**
product_e2e_evidence/logs/**
product_e2e_evidence/PRODUCT_E2E_EVIDENCE.json. No artifacts will be uploaded.
2026-10-08T06:33:25.2947373Z Post job cleanup.
2026-10-08T06:33:25.3618616Z [command]/usr/bin/git version
2026-10-08T06:33:25.3646094Z git version 2.55.0
2026-10-08T06:33:25.3672999Z Temporarily overriding HOME='/home/runner/work/_temp/710eaa18-16fc-4db6-a1ed-87919b354eb6' before making global git config changes
2026-10-08T06:33:25.3673692Z Adding repository directory to the temporary git global config as a safe directory
2026-10-08T06:33:25.3677313Z [command]/usr/bin/git config --global --add safe.directory /home/runner/work/mindle-media-ai/mindle-media-ai
2026-10-08T06:33:25.3715375Z [command]/usr/bin/git config --local --name-only --get-regexp core\.sshCommand
2026-10-08T06:33:25.3750273Z [command]/usr/bin/git submodule foreach --recursive sh -c "git config --local --name-only --get-regexp 'core\.sshCommand' && git config --local --unset-all 'core.sshCommand' || :"
2026-10-08T06:33:25.3962034Z [command]/usr/bin/git config --local --name-only --get-regexp http\.https\:\/\/github\.com\/\.extraheader
2026-10-08T06:33:25.4004629Z http.https://github.com/.extraheader
2026-10-08T06:33:25.4014587Z [command]/usr/bin/git config --local --unset-all http.https://github.com/.extraheader
2026-10-08T06:33:25.4049309Z [command]/usr/bin/git submodule foreach --recursive sh -c "git config --local --name-only --get-regexp 'http\.https\:\/\/github\.com\/\.extraheader' && git config --local --unset-all 'http.https://github.com/.extraheader' || :"
2026-10-08T06:33:25.4266258Z [command]/usr/bin/git config --local --name-only --get-regexp ^includeIf\.gitdir:
2026-10-08T06:33:25.4299664Z [command]/usr/bin/git submodule foreach --recursive git config --local --show-origin --name-only --get-regexp remote.origin.url
2026-10-08T06:33:25.4626250Z Cleaning up orphan processes
2026-10-08T06:33:25.4863768Z ##[warning]Node.js 20 is deprecated. The following actions target Node.js 20 but are being forced to run on Node.js 24: actions/checkout@v4, actions/download-artifact@v4, actions/setup-python@v5, actions/upload-artifact@v4. For more information see: https://github.blog/changelog/2025-09-19-deprecation-of-node-20-on-github-actions-runners/
